1400558408885956611,aditya_rahim,708255614556708865,Thu Jun 03 21:02:00 +0000 2021,"RT @CoinMarketCap: Learn about PlasmaFinance, the all-in-1 DeFi platform and EARN $PPAY now!

Find out more below:
https://t.co/Fkzgx0ZUJQ...",[],http://pbs.twimg.com/profile_images/1392030967242452993/B9isKEhE_normal.jpg,0,,0,False,179,Fri Mar 11 11:37:52 +0000 2016,,"<a href=""https://mobile.twitter.com"" rel=""nofollow"">Twitter Web App</a>"
1400558414040862729,Minoojahan1,1372856369716592640,Thu Jun 03 21:02:01 +0000 2021,"RT @CoinMarketCap: Part 3 of Trending Tokens:

 Top Trending Token in Americas last week   

Check out the rest of the trending tokens he...",[],http://pbs.twimg.com/profile_images/1398296429592985602/-15bGc8__normal.jpg,0,,0,False,24,Fri Mar 19 10:24:18 +0000 2021,,"<a href=""https://mobile.twitter.com"" rel=""nofollow"">Twitter Web App</a>"
1400558414615433217,cryptone8G,1394352476309045255,Thu Jun 03 21:02:01 +0000 2021,"RT @Fabiola35962930: $Pussy token is the sort of project that alters #crypto. It is the beginning of memes with a purpose. 
Coins like #shi...",['crypto'],http://pbs.twimg.com/profile_images/1399380126656253958/vg7M9Zna_normal.jpg,0,,0,False,87,Mon May 17 18:01:59 +0000 2021,,"<a href=""http://twitter.com/download/android"" rel=""nofollow"">Twitter for Android</a>"
1400558415559204867,MattWallace888,805532293951606785,Thu Jun 03 21:02:02 +0000 2021,"RT @Benzinga: Why Dogecoin Can Hit 75 Cents Again, According To @MattWallace888 

https://t.co/y8k2XRJQvc",[],http://pbs.twimg.com/profile_images/1398086507680907264/07uQJkhW_normal.jpg,0,United States,0,False,200116,Sun Dec 04 22:00:39 +0000 2016,,"<a href=""http://twitter.com/#!/download/ipad"" rel=""nofollow"">Twitter for iPad</a>"
1400558416591036421,cwoodrow89,1397130330,Thu Jun 03 21:02:02 +0000 2021,"RT @SafemoonWarrior: Nearly 57 million people expected to buy cryptocurrency next year.
#SAFEMOON 
https://t.co/JKIkzKLVnp",['SAFEMOON'],http://pbs.twimg.com/profile_images/1395856710703665156/tylkxWMq_normal.jpg,0,"Valley view, Tx",0,False,249,Thu May 02 13:02:32 +0000 2013,,"<a href=""http://twitter.com/download/iphone"" rel=""nofollow"">Twitter for iPhone</a>"
1400558420978110464,RoyRajeshar,976656785791594496,Thu Jun 03 21:02:03 +0000 2021,"RT @AirdropStario:  CryptoTV Airdrop

 Task:            Up to 10 CTV

 Referral:    1 CTV

 Airdrop Link &amp; Information: https://...",[],http://pbs.twimg.com/profile_images/1384022680651796488/X6PZ2-4-_normal.jpg,0,"Thakurgaon, Bangladesh",0,False,24,Thu Mar 22 03:08:17 +0000 2018,,"<a href=""http://twitter.com/download/android"" rel=""nofollow"">Twitter for Android</a>"
1400558424614637576,shima_a77d,1361228114261590017,Thu Jun 03 21:02:04 +0000 2021,"RT @ava_today: Iran reports a new record high electricity consumption level of 59,076 megawatts, exceeding last year's peak. This is despit...",[],http://pbs.twimg.com/profile_images/1361228488880103424/bQrFOt0__normal.jpg,0,,0,False,432,Mon Feb 15 08:17:54 +0000 2021,,"<a href=""http://twitter.com/download/android"" rel=""nofollow"">Twitter for Android</a>"
1400558425944125440,Jatboy35722531,1311346639416614912,Thu Jun 03 21:02:04 +0000 2021,"RT @Crypto_novae:  Prepare for Beta! 

Become one of 300 exclusive Beta testers!

$YAE #cryptocurrency #BSC #ETH 

https://t.co/SI1QRtew2A","['cryptocurrency', 'BSC', 'ETH']",http://pbs.twimg.com/profile_images/1331106481026916353/-tRiIgOP_normal.jpg,0,,0,False,28,Wed Sep 30 16:46:24 +0000 2020,,"<a href=""https://mobile.twitter.com"" rel=""nofollow"">Twitter Web App</a>"
1400558426426540033,650luci,1394801708740448259,Thu Jun 03 21:02:04 +0000 2021,promote this on https://t.co/UDsiYV0DqI,[],http://pbs.twimg.com/profile_images/1394801902949335043/v0qErHzU_normal.jpg,0,,0,False,11,Tue May 18 23:47:14 +0000 2021,,"<a href=""http://twitter.com/download/android"" rel=""nofollow"">Twitter for Android</a>"
1400558430415372296,karabuldilek,297302553,Thu Jun 03 21:02:05 +0000 2021,"RT @Plasma_Pay: As promised, @CoinMarketCap Earn Campaign featuring #PlasmaFinance is now LIVE.

A whole new world awaits new users eager...",['PlasmaFinance'],http://pbs.twimg.com/profile_images/1366880416209248260/sj3a7vWF_normal.jpg,0,,0,False,135,Thu May 12 08:50:34 +0000 2011,,"<a href=""https://mobile.twitter.com"" rel=""nofollow"">Twitter Web App</a>"
1400558434458554368,RishadAtikul,1399024792716648449,Thu Jun 03 21:02:06 +0000 2021,"RT @AirdropStario:  GaurToken Finance Airdrop

 Task:            Up to 200M GAURT (~$10)

 Referral:    50M GAURT (~$2.5)

 Aird...",[],http://pbs.twimg.com/profile_images/1399073106224766978/fxwlkx7M_normal.jpg,0,,0,False,7,Sun May 30 15:28:11 +0000 2021,,"<a href=""http://twitter.com/download/android"" rel=""nofollow"">Twitter for Android</a>"
1400558435960340492,Gkhan35356,1375766971963342848,Thu Jun 03 21:02:06 +0000 2021,"RT @AirdropStario:  GaurToken Finance Airdrop

 Task:            Up to 200M GAURT (~$10)

 Referral:    50M GAURT (~$2.5)

 Aird...",[],http://pbs.twimg.com/profile_images/1383122109782704128/kNxqT4wk_normal.jpg,0,,0,False,8,Sat Mar 27 11:09:58 +0000 2021,,"<a href=""https://mobile.twitter.com"" rel=""nofollow"">Twitter Web App</a>"
1400558436341981193,DonaldDammy,1244962763040006144,Thu Jun 03 21:02:06 +0000 2021,"RT @CoinMarketCap: Learn about PlasmaFinance, the all-in-1 DeFi platform and EARN $PPAY now!

Find out more below:
https://t.co/Fkzgx0ZUJQ...",[],http://pbs.twimg.com/profile_images/1394219981831815171/rA03JmJw_normal.jpg,0,"Lagos, Nigeria",0,False,1233,Tue Mar 31 12:20:38 +0000 2020,,"<a href=""http://twitter.com/download/android"" rel=""nofollow"">Twitter for Android</a>"
1400558446638817280,SamDRodriguez24,3280832994,Thu Jun 03 21:02:09 +0000 2021,"RT @Benzinga: Why Dogecoin Can Hit 75 Cents Again, According To @MattWallace888 

https://t.co/y8k2XRJQvc",[],http://pbs.twimg.com/profile_images/1388265203159080963/_55pJu-f_normal.jpg,0,"Pomona, CA",0,False,2045,Wed Jul 15 18:43:37 +0000 2015,,"<a href=""http://twitter.com/download/android"" rel=""nofollow"">Twitter for Android</a>"
1400558447108657153,RabbaRabbaaa,56060233,Thu Jun 03 21:02:09 +0000 2021,"RT @MILCplatform: Stunning summary! 

Thanks for your support  

#MILC $MLT",['MILC'],http://pbs.twimg.com/profile_images/1305548954247917568/k8ihTvjD_normal.jpg,0,Cryptoland,0,False,81,Sun Jul 12 09:48:10 +0000 2009,,"<a href=""http://twitter.com/download/android"" rel=""nofollow"">Twitter for Android</a>"
1400558447062622209,CedricM63953481,1387462663886852098,Thu Jun 03 21:02:09 +0000 2021,"RT @Benzinga: Why Dogecoin Can Hit 75 Cents Again, According To @MattWallace888 

https://t.co/y8k2XRJQvc",[],http://pbs.twimg.com/profile_images/1392262652337041410/gpfoCCFY_normal.jpg,0,,0,False,32,Wed Apr 28 17:44:24 +0000 2021,,"<a href=""http://twitter.com/download/iphone"" rel=""nofollow"">Twitter for iPhone</a>"
1400558448975220737,CrJerra,1383936006349488128,Thu Jun 03 21:02:10 +0000 2021,"RT @krypto_will: https://t.co/YkH5ISsAwg Wow take a look @bonfiretoken #bonfire BETA website, it looks amazing, a swap included?? 

#crypto...",['bonfire'],http://abs.twimg.com/sticky/default_profile_images/default_profile_normal.png,0,,0,False,5,Mon Apr 19 00:10:40 +0000 2021,,"<a href=""https://mobile.twitter.com"" rel=""nofollow"">Twitter Web App</a>"
1400558449663033348,BishopDoge,1327964563573190658,Thu Jun 03 21:02:10 +0000 2021,"RT @Benzinga: Why Dogecoin Can Hit 75 Cents Again, According To @MattWallace888 

https://t.co/y8k2XRJQvc",[],http://pbs.twimg.com/profile_images/1399377778336804864/8muoS88u_normal.jpg,0,Moon üêïüöÄüåï,0,False,126,Sun Nov 15 13:20:15 +0000 2020,,"<a href=""http://twitter.com/download/iphone"" rel=""nofollow"">Twitter for iPhone</a>"
1400558451525263360,GiveawayUntuk,1400475141465804802,Thu Jun 03 21:02:10 +0000 2021,"RT @InuXiasi: I'll give 50$ to one random person who RT and likes this + upvotes Xiasi Inu https://t.co/R4X1YrvuHB

#cryptocurrency 
#Binan...",['cryptocurrency'],http://pbs.twimg.com/profile_images/1400478146319851537/3eKRjEe6_normal.jpg,0,,0,False,23,Thu Jun 03 15:31:19 +0000 2021,,"<a href=""http://twitter.com/download/android"" rel=""nofollow"">Twitter for Android</a>"
1400558453790318593,AIfraedo,2359858110,Thu Jun 03 21:02:11 +0000 2021,"RT @Benzinga: Why Dogecoin Can Hit 75 Cents Again, According To @MattWallace888 

https://t.co/y8k2XRJQvc",[],http://pbs.twimg.com/profile_images/1379693519997186053/izXCuuyJ_normal.jpg,0,pastaplate,0,False,169,Mon Feb 24 18:12:32 +0000 2014,,"<a href=""http://twitter.com/download/iphone"" rel=""nofollow"">Twitter for iPhone</a>"
1400558453827981313,T2MK3,1379803272538693642,Thu Jun 03 21:02:11 +0000 2021,"RT @Benzinga: Why Dogecoin Can Hit 75 Cents Again, According To @MattWallace888 

https://t.co/y8k2XRJQvc",[],http://abs.twimg.com/sticky/default_profile_images/default_profile_normal.png,0,,0,False,96,Wed Apr 07 14:28:39 +0000 2021,,"<a href=""http://twitter.com/download/iphone"" rel=""nofollow"">Twitter for iPhone</a>"
1400558454679519234,Rdoane1987,348570513,Thu Jun 03 21:02:11 +0000 2021,"RT @Benzinga: Why Dogecoin Can Hit 75 Cents Again, According To @MattWallace888 

https://t.co/y8k2XRJQvc",[],http://pbs.twimg.com/profile_images/1355098914425331712/-zu3u-7D_normal.jpg,0,"Holly Ridge, NC",0,False,81,Thu Aug 04 17:04:19 +0000 2011,,"<a href=""http://twitter.com/download/iphone"" rel=""nofollow"">Twitter for iPhone</a>"
1400558456914944002,Mason_0218,4741704012,Thu Jun 03 21:02:11 +0000 2021,"RT @Benzinga: Why Dogecoin Can Hit 75 Cents Again, According To @MattWallace888 

https://t.co/y8k2XRJQvc",[],http://pbs.twimg.com/profile_images/1398084364341190657/UOz6Sr0E_normal.jpg,0,"California, USA",0,False,77,Mon Jan 11 05:46:50 +0000 2016,,"<a href=""http://twitter.com/download/iphone"" rel=""nofollow"">Twitter for iPhone</a>"
1400558457607106569,CryptoBuzz_Blog,1356326177330368514,Thu Jun 03 21:02:12 +0000 2021,Cryptocurrency and the value of trade marks | Allen &amp; Overy LLP - https://t.co/tx2GCpZCDw https://t.co/UTwbzma6av,[],http://pbs.twimg.com/profile_images/1358250585636675584/58WNrAXM_normal.jpg,0,"Torbay, England",0,False,632,Mon Feb 01 19:39:06 +0000 2021,,"<a href=""https://help.twitter.com/en/using-twitter/how-to-tweet#source-labels"" rel=""nofollow"">Cryptobuzzpublisher</a>"
1400558458684968966,erhanzer1,351020487,Thu Jun 03 21:02:12 +0000 2021,"RT @Crypto_novae:  Prepare for Beta! 

Become one of 300 exclusive Beta testers!

$YAE #cryptocurrency #BSC #ETH 

https://t.co/SI1QRtew2A","['cryptocurrency', 'BSC', 'ETH']",http://pbs.twimg.com/profile_images/857894048463544320/BUi1Ax5t_normal.jpg,0,,0,False,15,Mon Aug 08 17:31:53 +0000 2011,,"<a href=""https://mobile.twitter.com"" rel=""nofollow"">Twitter Web App</a>"
1400558461046382600,estate_high,1158150124952006656,Thu Jun 03 21:02:12 +0000 2021,"RT @Benzinga: Why Dogecoin Can Hit 75 Cents Again, According To @MattWallace888 

https://t.co/y8k2XRJQvc",[],http://pbs.twimg.com/profile_images/1158150938953228289/i2tOB_37_normal.jpg,0,,0,False,25,Sun Aug 04 22:58:01 +0000 2019,,"<a href=""http://twitter.com/download/iphone"" rel=""nofollow"">Twitter for iPhone</a>"
1400558461843349504,RandyRosser,1363221302937411584,Thu Jun 03 21:02:13 +0000 2021,"RT @Benzinga: Why Dogecoin Can Hit 75 Cents Again, According To @MattWallace888 

https://t.co/y8k2XRJQvc",[],http://pbs.twimg.com/profile_images/1389653177700651010/HN90ZLoL_normal.jpg,0,,0,False,60,Sat Feb 20 20:17:57 +0000 2021,,"<a href=""http://twitter.com/download/android"" rel=""nofollow"">Twitter for Android</a>"
1400558462237646852,benz_collins,1210175918775447552,Thu Jun 03 21:02:13 +0000 2021,"RT @CryptoTownEU:  Airdrop: Kuai Token (KT)
 Value: $150
 Referral: $5
 Tokens: 1510 + 50 KT
 End Date: July 15, 2021
 Distribution D...",[],http://pbs.twimg.com/profile_images/1243105383557804033/RRw3zh4-_normal.jpg,0,,0,False,5,Thu Dec 26 12:30:13 +0000 2019,,"<a href=""http://twitter.com/download/android"" rel=""nofollow"">Twitter for Android</a>"
1400558462665363457,jyhIztxFAiG9Rn9,1386935157844742144,Thu Jun 03 21:02:13 +0000 2021,"RT @safemooncash: 72hours Twitter #Giveaway! 
200$ x 5 lucky winners! 

 Retweet this Tweet
 Reply with $SMC #SAFEMOONCASH 
 Follow us...","['Giveaway', 'SAFEMOONCASH']",http://pbs.twimg.com/profile_images/1386935482542661633/fHb4yBpH_normal.jpg,0,,0,False,0,Tue Apr 27 06:48:43 +0000 2021,,"<a href=""https://mobile.twitter.com"" rel=""nofollow"">Twitter Web App</a>"
1400558466016571396,joemeeks2003,484459877,Thu Jun 03 21:02:14 +0000 2021,"RT @Benzinga: Why Dogecoin Can Hit 75 Cents Again, According To @MattWallace888 

https://t.co/y8k2XRJQvc",[],http://pbs.twimg.com/profile_images/1369700244846301186/Tnv2WC2h_normal.jpg,0,,0,False,391,Mon Feb 06 04:09:02 +0000 2012,,"<a href=""http://twitter.com/download/iphone"" rel=""nofollow"">Twitter for iPhone</a>"
1400558466968784899,luishur83403681,1357412041032663048,Thu Jun 03 21:02:14 +0000 2021,"RT @Benzinga: Why Dogecoin Can Hit 75 Cents Again, According To @MattWallace888 

https://t.co/y8k2XRJQvc",[],http://pbs.twimg.com/profile_images/1370792913958019072/ziyZPfeA_normal.jpg,0,"San Antonio, TX",0,False,68,Thu Feb 04 19:33:59 +0000 2021,,"<a href=""http://twitter.com/download/iphone"" rel=""nofollow"">Twitter for iPhone</a>"
1400558468013060098,relaxxxxxsg,1239222903851253760,Thu Jun 03 21:02:14 +0000 2021,"RT @Benzinga: Why Dogecoin Can Hit 75 Cents Again, According To @MattWallace888 

https://t.co/y8k2XRJQvc",[],http://pbs.twimg.com/profile_images/1389222436575453194/E32nu874_normal.jpg,0,"California, USA",0,False,2,Sun Mar 15 16:12:29 +0000 2020,,"<a href=""http://twitter.com/download/iphone"" rel=""nofollow"">Twitter for iPhone</a>"
1400558469946691586,MsScotsCrypto77,1358545307383062528,Thu Jun 03 21:02:15 +0000 2021,"RT @Benzinga: Why Dogecoin Can Hit 75 Cents Again, According To @MattWallace888 

https://t.co/y8k2XRJQvc",[],http://pbs.twimg.com/profile_images/1396873480193421315/pgVgcDjD_normal.jpg,0,,0,False,3512,Sun Feb 07 22:37:08 +0000 2021,,"<a href=""http://twitter.com/download/iphone"" rel=""nofollow"">Twitter for iPhone</a>"
1400558472496812034,antogionata1,221516961,Thu Jun 03 21:02:15 +0000 2021,"RT @Benzinga: Why Dogecoin Can Hit 75 Cents Again, According To @MattWallace888 

https://t.co/y8k2XRJQvc",[],http://pbs.twimg.com/profile_images/1347961925666299906/R8dmTiAn_normal.jpg,0,Italy,0,False,74,Tue Nov 30 21:50:34 +0000 2010,,"<a href=""http://twitter.com/download/iphone"" rel=""nofollow"">Twitter for iPhone</a>"
1400558472681463814,bblounge1,1181611338201784321,Thu Jun 03 21:02:15 +0000 2021,"RT @Benzinga: Why Dogecoin Can Hit 75 Cents Again, According To @MattWallace888 

https://t.co/y8k2XRJQvc",[],http://pbs.twimg.com/profile_images/1400243063830761472/gYJKoSap_normal.jpg,0,,0,False,2798,Tue Oct 08 16:44:46 +0000 2019,,"<a href=""http://twitter.com/download/iphone"" rel=""nofollow"">Twitter for iPhone</a>"
1400558473709080581,mattlavergne12,3150721922,Thu Jun 03 21:02:15 +0000 2021,"RT @Benzinga: Why Dogecoin Can Hit 75 Cents Again, According To @MattWallace888 

https://t.co/y8k2XRJQvc",[],http://pbs.twimg.com/profile_images/1062495358201282560/0t4X-oQg_normal.jpg,0,"Weatherford, TX",0,False,838,Sun Apr 12 03:00:27 +0000 2015,,"<a href=""http://twitter.com/download/iphone"" rel=""nofollow"">Twitter for iPhone</a>"
1400558474115702784,SteveMi74428981,1358331031015706624,Thu Jun 03 21:02:16 +0000 2021,"RT @Benzinga: Why Dogecoin Can Hit 75 Cents Again, According To @MattWallace888 

https://t.co/y8k2XRJQvc",[],http://pbs.twimg.com/profile_images/1400509670054264832/gA726rsz_normal.jpg,0,"San Leandro, CA",0,False,102,Sun Feb 07 08:26:04 +0000 2021,,"<a href=""http://twitter.com/download/iphone"" rel=""nofollow"">Twitter for iPhone</a>"
1400558474019360776,dogeofficialceo,1355945100216573952,Thu Jun 03 21:02:15 +0000 2021,"RT @Benzinga: Why Dogecoin Can Hit 75 Cents Again, According To @MattWallace888 

https://t.co/y8k2XRJQvc",[],http://pbs.twimg.com/profile_images/1396148260629254149/urlo-ofq_normal.jpg,0,"Moon, PA",0,False,9955,Sun Jan 31 18:24:47 +0000 2021,,"<a href=""http://twitter.com/download/iphone"" rel=""nofollow"">Twitter for iPhone</a>"
1400558475399270400,JaredGiovinazzo,1025480748625801216,Thu Jun 03 21:02:16 +0000 2021,"RT @Benzinga: Why Dogecoin Can Hit 75 Cents Again, According To @MattWallace888 

https://t.co/y8k2XRJQvc",[],http://pbs.twimg.com/profile_images/1400192262282305536/04OUzePz_normal.jpg,0,"Naples, FL",0,False,36,Fri Aug 03 20:37:17 +0000 2018,,"<a href=""https://mobile.twitter.com"" rel=""nofollow"">Twitter Web App</a>"
1400558478356320256,sh______da,1361230001241284615,Thu Jun 03 21:02:17 +0000 2021,"RT @ava_today: Iran reports a new record high electricity consumption level of 59,076 megawatts, exceeding last year's peak. This is despit...",[],http://pbs.twimg.com/profile_images/1386972420364509185/lfMv7kG0_normal.jpg,0,,0,False,276,Mon Feb 15 08:25:50 +0000 2021,,"<a href=""http://twitter.com/download/android"" rel=""nofollow"">Twitter for Android</a>"
1400558479325138944,KatelShiva,1264707543428988934,Thu Jun 03 21:02:17 +0000 2021,"RT @Benzinga: Why Dogecoin Can Hit 75 Cents Again, According To @MattWallace888 

https://t.co/y8k2XRJQvc",[],http://pbs.twimg.com/profile_images/1359870863739412480/9AaKLLiS_normal.jpg,0,"Henrietta, NY",0,False,14,Sun May 24 23:59:20 +0000 2020,,"<a href=""http://twitter.com/download/iphone"" rel=""nofollow"">Twitter for iPhone</a>"
1400558479539068931,SageCRS,1382445114669285377,Thu Jun 03 21:02:17 +0000 2021,"RT @Benzinga: Why Dogecoin Can Hit 75 Cents Again, According To @MattWallace888 

https://t.co/y8k2XRJQvc",[],http://pbs.twimg.com/profile_images/1387790840819560448/1uIwPYoy_normal.jpg,0,,0,False,6,Wed Apr 14 21:26:24 +0000 2021,,"<a href=""http://twitter.com/download/iphone"" rel=""nofollow"">Twitter for iPhone</a>"
1400558480231219203,Piotr29165880,1310827041990770689,Thu Jun 03 21:02:17 +0000 2021,"RT @CoinMarketCap: Learn about PlasmaFinance, the all-in-1 DeFi platform and EARN $PPAY now!

Find out more below:
https://t.co/Fkzgx0ZUJQ...",[],http://abs.twimg.com/sticky/default_profile_images/default_profile_normal.png,0,,0,False,9,Tue Sep 29 06:21:43 +0000 2020,,"<a href=""https://mobile.twitter.com"" rel=""nofollow"">Twitter Web App</a>"
1400558481388802054,LarDen74036225,1216051756800626690,Thu Jun 03 21:02:17 +0000 2021,"#BSC #BNB #DEFI #Binance #cryptocurrency #blockchain #business #blockchaintechnology
Good project in future... https://t.co/fUxctcvb2h","['BSC', 'BNB', 'DEFI', 'Binance', 'cryptocurrency', 'blockchain', 'business', 'blockchaintechnology']",http://pbs.twimg.com/profile_images/1216052580301918208/ADRL96tz_normal.jpg,0,,0,False,1481,Sat Jan 11 17:40:21 +0000 2020,,"<a href=""https://mobile.twitter.com"" rel=""nofollow"">Twitter Web App</a>"
1400558481858600967,melvindirksz,286613526,Thu Jun 03 21:02:17 +0000 2021,"RT @Benzinga: Why Dogecoin Can Hit 75 Cents Again, According To @MattWallace888 

https://t.co/y8k2XRJQvc",[],http://pbs.twimg.com/profile_images/1150490816927981569/C05nHNO6_normal.jpg,0,The Netherlands Rotterdam,0,False,87,Sat Apr 23 10:18:49 +0000 2011,,"<a href=""http://twitter.com/download/iphone"" rel=""nofollow"">Twitter for iPhone</a>"
1400558481778876416,BackstreetBets,1364395945006428166,Thu Jun 03 21:02:17 +0000 2021,Gainers in Top 100 (24h) Filecoin - $FIL | 27.23% $89.83 Internet Computer - $ICP | 21.29% $128.41 The Graph - $GRT... https://t.co/wxLm9wdWfJ,[],http://pbs.twimg.com/profile_images/1387019772987072513/2UTmigz4_normal.jpg,0,Backstreet Bets are Back üî•,0,False,351,Wed Feb 24 02:05:27 +0000 2021,,"<a href=""https://ifttt.com"" rel=""nofollow"">IFTTT</a>"
1400558482449858560,LBMendez19,1358450300948860929,Thu Jun 03 21:02:17 +0000 2021,"RT @Benzinga: Why Dogecoin Can Hit 75 Cents Again, According To @MattWallace888 

https://t.co/y8k2XRJQvc",[],http://pbs.twimg.com/profile_images/1391201751504547840/6mZEyuLT_normal.jpg,0,,0,False,12,Sun Feb 07 16:19:35 +0000 2021,,"<a href=""http://twitter.com/download/iphone"" rel=""nofollow"">Twitter for iPhone</a>"
1400558482856636419,Bryan84545133,1090378205838553088,Thu Jun 03 21:02:18 +0000 2021,"RT @Benzinga: Why Dogecoin Can Hit 75 Cents Again, According To @MattWallace888 

https://t.co/y8k2XRJQvc",[],http://pbs.twimg.com/profile_images/1329179909831290880/621TEAp-_normal.jpg,0,,0,False,19,Tue Jan 29 22:36:37 +0000 2019,,"<a href=""http://twitter.com/download/android"" rel=""nofollow"">Twitter for Android</a>"
1400558483171385345,GreedAgainst,1375379078665138176,Thu Jun 03 21:02:18 +0000 2021,"RT @Benzinga: Why Dogecoin Can Hit 75 Cents Again, According To @MattWallace888 

https://t.co/y8k2XRJQvc",[],http://pbs.twimg.com/profile_images/1393693287240830977/y9DUZkH-_normal.jpg,0,,0,False,113,Fri Mar 26 09:28:37 +0000 2021,,"<a href=""http://twitter.com/download/android"" rel=""nofollow"">Twitter for Android</a>"
1400558485088227329,Collins11141984,542617216,Thu Jun 03 21:02:18 +0000 2021,@MattWallace888 @coinbase https://t.co/HZjGjniK8J  YOU MADE BENZINGA BRO.  @MattWallace888,[],http://pbs.twimg.com/profile_images/2189080259/41494_100000367594966_6944_q_normal.jpg,0,,0,False,8,Sun Apr 01 15:18:18 +0000 2012,,"<a href=""http://twitter.com/download/iphone"" rel=""nofollow"">Twitter for iPhone</a>"
1400558485608275974,BackstreetBets,1364395945006428166,Thu Jun 03 21:02:18 +0000 2021,Losers in Top 100 (24h) SafeMoon - $SAFEMOON | -11.17% $0.00000391 Dogecoin - $DOGE | -3.33% $0.397 Decred - $DCR |... https://t.co/qA37ABu5Pv,[],http://pbs.twimg.com/profile_images/1387019772987072513/2UTmigz4_normal.jpg,0,Backstreet Bets are Back üî•,0,False,351,Wed Feb 24 02:05:27 +0000 2021,,"<a href=""https://ifttt.com"" rel=""nofollow"">IFTTT</a>"
1400558486648287232,Mxdzzsays,1384132037754298374,Thu Jun 03 21:02:18 +0000 2021,"Relationships on Instagram are like money in cryptos.....
.
.
You can see them but can't feel them.

#Instagram #cryptocurrency","['Instagram', 'cryptocurrency']",http://pbs.twimg.com/profile_images/1384132898253463562/gHKY50gc_normal.jpg,0,"New Delhi, India",0,False,1,Mon Apr 19 13:09:45 +0000 2021,,"<a href=""http://twitter.com/download/iphone"" rel=""nofollow"">Twitter for iPhone</a>"
1400558486723842050,BenHurbrz,1285400430034345984,Thu Jun 03 21:02:19 +0000 2021,"RT @Benzinga: Why Dogecoin Can Hit 75 Cents Again, According To @MattWallace888 

https://t.co/y8k2XRJQvc",[],http://pbs.twimg.com/profile_images/1389991630640279552/xPo0PV2Q_normal.jpg,0,,0,False,3,Tue Jul 21 02:25:30 +0000 2020,,"<a href=""http://twitter.com/download/iphone"" rel=""nofollow"">Twitter for iPhone</a>"
1400558486820376579,Jake10278949,1216709469524185089,Thu Jun 03 21:02:19 +0000 2021,"RT @Benzinga: Why Dogecoin Can Hit 75 Cents Again, According To @MattWallace888 

https://t.co/y8k2XRJQvc",[],http://pbs.twimg.com/profile_images/1384198922868908040/Sdx6mBHr_normal.jpg,0,,0,False,81,Mon Jan 13 13:12:06 +0000 2020,,"<a href=""http://twitter.com/download/android"" rel=""nofollow"">Twitter for Android</a>"
1400558487667630082,iamcesarperez1,1393679044021993473,Thu Jun 03 21:02:19 +0000 2021,"RT @Benzinga: Why Dogecoin Can Hit 75 Cents Again, According To @MattWallace888 

https://t.co/y8k2XRJQvc",[],http://pbs.twimg.com/profile_images/1398243795930583041/46LgCUPn_normal.jpg,0,,0,False,0,Sat May 15 21:26:03 +0000 2021,,"<a href=""http://twitter.com/download/iphone"" rel=""nofollow"">Twitter for iPhone</a>"
1400558488623845380,SyedRiz93737308,1382250326368030720,Thu Jun 03 21:02:19 +0000 2021,"RT @Benzinga: Why Dogecoin Can Hit 75 Cents Again, According To @MattWallace888 

https://t.co/y8k2XRJQvc",[],http://abs.twimg.com/sticky/default_profile_images/default_profile_normal.png,0,,0,False,4,Wed Apr 14 08:32:33 +0000 2021,,"<a href=""http://twitter.com/download/android"" rel=""nofollow"">Twitter for Android</a>"
1400558488854671369,ninja004201,1288638822,Thu Jun 03 21:02:19 +0000 2021,"RT @Benzinga: Why Dogecoin Can Hit 75 Cents Again, According To @MattWallace888 

https://t.co/y8k2XRJQvc",[],http://pbs.twimg.com/profile_images/1394413350864437248/m41SL4pX_normal.jpg,0,,0,False,146,Fri Mar 22 13:08:42 +0000 2013,,"<a href=""http://twitter.com/download/android"" rel=""nofollow"">Twitter for Android</a>"
1400558489202835457,JesusCr16311796,1345743332065095680,Thu Jun 03 21:02:19 +0000 2021,"RT @Benzinga: Why Dogecoin Can Hit 75 Cents Again, According To @MattWallace888 

https://t.co/y8k2XRJQvc",[],http://pbs.twimg.com/profile_images/1398779071459364866/sy3w5FG6_normal.jpg,0,,0,False,103,Sun Jan 03 14:46:41 +0000 2021,,"<a href=""http://twitter.com/download/iphone"" rel=""nofollow"">Twitter for iPhone</a>"
1400558490226249730,Pelerin46,1109491958,Thu Jun 03 21:02:19 +0000 2021,"RT @Crypto_novae:  Prepare for Beta! 

Become one of 300 exclusive Beta testers!

$YAE #cryptocurrency #BSC #ETH 

https://t.co/SI1QRtew2A","['cryptocurrency', 'BSC', 'ETH']",http://pbs.twimg.com/profile_images/3144219889/025af8ef78bb54e6fb2aac35fe1f50b5_normal.jpeg,0,Kahramanmara≈ü,0,False,1,Mon Jan 21 16:44:09 +0000 2013,,"<a href=""https://mobile.twitter.com"" rel=""nofollow"">Twitter Web App</a>"
1400558494034530306,_bayflo,798336536647331840,Thu Jun 03 21:02:20 +0000 2021,RT @EJATTTTT23: Ya girl ain't into Cryptocurrency? LEAVE HER. She a caveman.,[],http://pbs.twimg.com/profile_images/1367343718341111808/bwXnBFxV_normal.jpg,0,SLC,0,False,508,Tue Nov 15 01:27:17 +0000 2016,,"<a href=""http://twitter.com/download/iphone"" rel=""nofollow"">Twitter for iPhone</a>"
1400558496794431489,yak_sahan,1355932382453510153,Thu Jun 03 21:02:21 +0000 2021,"RT @Benzinga: Why Dogecoin Can Hit 75 Cents Again, According To @MattWallace888 

https://t.co/y8k2XRJQvc",[],http://pbs.twimg.com/profile_images/1355934747927703552/nGCkZEMp_normal.jpg,0,,0,False,7,Sun Jan 31 17:34:17 +0000 2021,,"<a href=""http://twitter.com/download/iphone"" rel=""nofollow"">Twitter for iPhone</a>"
1400558500426797059,eva29110,1388922295394226185,Thu Jun 03 21:02:22 +0000 2021,"RT @HeyIAmOpia: ""Circulation"" / OBJKT#107371
11/11 editions on @hicetnunc2000 for 1.111 &gt; 2.222 &gt; 3.333 $XTZ
#CleanNFT on #Tezos

https://t...","['CleanNFT', 'Tezos']",http://pbs.twimg.com/profile_images/1388922960216477698/-IcpTBvB_normal.jpg,0,,0,False,54,Sun May 02 18:24:50 +0000 2021,,"<a href=""http://twitter.com/download/iphone"" rel=""nofollow"">Twitter for iPhone</a>"
1400558502813241347,CoinsAirdrops,967459590303633408,Thu Jun 03 21:02:22 +0000 2021,"RT @CoinsAirdrops: #Bitcoin #Satoshi #ico #token #cryptocurrency #blockchain #Airdrop
ArecaSwap Airdrop Is Now Live 

 Claim Your 6.000.0...","['Bitcoin', 'Satoshi', 'ico', 'token', 'cryptocurrency', 'blockchain', 'Airdrop']",http://pbs.twimg.com/profile_images/974749435497533443/Dq1lWvZE_normal.jpg,0,Blockchain,0,False,1240,Sat Feb 24 18:01:55 +0000 2018,,"<a href=""https://mobile.twitter.com"" rel=""nofollow"">Twitter Web App</a>"
1400558504218402824,IMNOTSELLING1,1389982781191688195,Thu Jun 03 21:02:23 +0000 2021,"RT @Benzinga: Why Dogecoin Can Hit 75 Cents Again, According To @MattWallace888 

https://t.co/y8k2XRJQvc",[],http://pbs.twimg.com/profile_images/1400519594834640907/HasX1Idp_normal.jpg,0,,0,False,423,Wed May 05 16:38:22 +0000 2021,,"<a href=""https://mobile.twitter.com"" rel=""nofollow"">Twitter Web App</a>"
1400558505371877377,frago11,609625289,Thu Jun 03 21:02:23 +0000 2021,"RT @Benzinga: Why Dogecoin Can Hit 75 Cents Again, According To @MattWallace888 

https://t.co/y8k2XRJQvc",[],http://pbs.twimg.com/profile_images/1363917583590785024/o6dozlsM_normal.jpg,0,"West Palm Beach, FL",0,False,106,Sat Jun 16 02:42:27 +0000 2012,,"<a href=""http://twitter.com/download/iphone"" rel=""nofollow"">Twitter for iPhone</a>"
1400558506261028868,SoulDeceit,1196915172138536962,Thu Jun 03 21:02:23 +0000 2021,"RT @sportemongo: HOW TO APPLY FOR $SGO IDO WHITELISTING?

Visit here and follow the steps! 
https://t.co/wsN7k4mvaX

#BSCgem #cryptoc...",['BSCgem'],http://pbs.twimg.com/profile_images/1204492993606115329/8kCPWc80_normal.jpg,0,,0,False,59,Tue Nov 19 22:16:41 +0000 2019,,"<a href=""http://twitter.com/download/iphone"" rel=""nofollow"">Twitter for iPhone</a>"
1400558506961424385,gilman_clark,1358079961333194753,Thu Jun 03 21:02:23 +0000 2021,"RT @Benzinga: Why Dogecoin Can Hit 75 Cents Again, According To @MattWallace888 

https://t.co/y8k2XRJQvc",[],http://pbs.twimg.com/profile_images/1370778282329772035/Fd7WeyPg_normal.jpg,0,"Hudsonville, MI",0,False,28,Sat Feb 06 15:48:00 +0000 2021,,"<a href=""http://twitter.com/download/iphone"" rel=""nofollow"">Twitter for iPhone</a>"
1400558507938783235,TanjuSilver,630448409,Thu Jun 03 21:02:24 +0000 2021,"RT @Benzinga: Why Dogecoin Can Hit 75 Cents Again, According To @MattWallace888 

https://t.co/y8k2XRJQvc",[],http://pbs.twimg.com/profile_images/1360036034235555845/c6ETPDE3_normal.jpg,0,,0,False,168,Sun Jul 08 19:11:29 +0000 2012,,"<a href=""http://twitter.com/download/iphone"" rel=""nofollow"">Twitter for iPhone</a>"
1400558507997511682,Here4Doge,1392886113384161280,Thu Jun 03 21:02:24 +0000 2021,RT @MattWallace888: @coinbase Coinbase is going to change the game for #Dogecoin. They will make it way easier to buy/sell using $Doge and...,['Dogecoin'],http://pbs.twimg.com/profile_images/1392886463268802561/r6PhbLac_normal.jpg,0,,0,False,2,Thu May 13 16:55:12 +0000 2021,,"<a href=""https://mobile.twitter.com"" rel=""nofollow"">Twitter Web App</a>"
1400558508391600128,Abdul71140527,884802337054707712,Thu Jun 03 21:02:24 +0000 2021,"RT @FinanceChainge: As the DEX launch in the Chainge app is quickly approaching we've got more great news!

The option smart contract aud...",[],http://pbs.twimg.com/profile_images/1344929625265364993/jz-SevRR_normal.jpg,0,,0,False,2,Tue Jul 11 15:51:30 +0000 2017,,"<a href=""https://mobile.twitter.com"" rel=""nofollow"">Twitter Web App</a>"
1400558508366512138,Noah91040757,1389734734893363202,Thu Jun 03 21:02:24 +0000 2021,"RT @Benzinga: Why Dogecoin Can Hit 75 Cents Again, According To @MattWallace888 

https://t.co/y8k2XRJQvc",[],http://pbs.twimg.com/profile_images/1389735029417336834/ZbmB5fzS_normal.jpg,0,,0,False,90,Wed May 05 00:12:45 +0000 2021,,"<a href=""http://twitter.com/download/iphone"" rel=""nofollow"">Twitter for iPhone</a>"
1400558512556724233,ali_xsm,1360158481152638977,Thu Jun 03 21:02:25 +0000 2021, Earn free #BTC and multiply crypto up to 15% monthly with @betfury BOXes  Enjoy the easy way to get cryptocurren... https://t.co/BM3WZ4npb4,['BTC'],http://pbs.twimg.com/profile_images/1397369560618131460/U6fTxdF5_normal.jpg,0,"ƒ∞stanbul, T√ºrkiye",0,False,0,Fri Feb 12 09:27:18 +0000 2021,,"<a href=""http://twitter.com/download/android"" rel=""nofollow"">Twitter for Android</a>"
1400558513198358536,LizardsAnonymo1,1400556103872696323,Thu Jun 03 21:02:25 +0000 2021,"RT @CoinMarketCap: Part 2 of Trending Tokens on #CoinMarketCap.

Here are the tokens that's been trending in Europe last week  

Are any o...",['CoinMarketCap'],http://pbs.twimg.com/profile_images/1400556302858870784/X8PfYj-p_normal.jpg,0,,0,False,1,Thu Jun 03 20:52:59 +0000 2021,,"<a href=""http://twitter.com/download/iphone"" rel=""nofollow"">Twitter for iPhone</a>"
1400558513273847814,MitraSanyasi,1341074664609726465,Thu Jun 03 21:02:25 +0000 2021,"RT @Benzinga: Why Dogecoin Can Hit 75 Cents Again, According To @MattWallace888 

https://t.co/y8k2XRJQvc",[],http://abs.twimg.com/sticky/default_profile_images/default_profile_normal.png,0,"Ohio, USA",0,False,5,Mon Dec 21 17:35:04 +0000 2020,,"<a href=""http://twitter.com/download/iphone"" rel=""nofollow"">Twitter for iPhone</a>"
1400558514179768322,MirzaeZack,1384645805009555460,Thu Jun 03 21:02:25 +0000 2021,"RT @Benzinga: Why Dogecoin Can Hit 75 Cents Again, According To @MattWallace888 

https://t.co/y8k2XRJQvc",[],http://abs.twimg.com/sticky/default_profile_images/default_profile_normal.png,0,,0,False,1,Tue Apr 20 23:11:08 +0000 2021,,"<a href=""http://twitter.com/download/iphone"" rel=""nofollow"">Twitter for iPhone</a>"
1400558516625186822,BrainGymZA,996152083341565952,Thu Jun 03 21:02:26 +0000 2021,"Check some tips to get the ultimate mining experience with CryptoTab

Earn Real Bitcoins

Start mining immediately... https://t.co/ooumY4Icx7",[],http://pbs.twimg.com/profile_images/996532834520174592/R0makGIi_normal.jpg,0,"Cape Town, South Africa",0,False,615,Mon May 14 22:15:39 +0000 2018,,"<a href=""https://cheapbotsdonequick.com"" rel=""nofollow"">Cheap Bots, Done Quick!</a>"
1400558519766720517,theendipromise,606994935,Thu Jun 03 21:02:26 +0000 2021,"RT @Benzinga: Why Dogecoin Can Hit 75 Cents Again, According To @MattWallace888 

https://t.co/y8k2XRJQvc",[],http://pbs.twimg.com/profile_images/1344711176467394567/5-v-E6Ra_normal.jpg,0,"Chicago, IL",0,False,46,Wed Jun 13 05:22:44 +0000 2012,,"<a href=""http://twitter.com/download/iphone"" rel=""nofollow"">Twitter for iPhone</a>"
1400558522539155460,EzzyG7,1380712221005742085,Thu Jun 03 21:02:27 +0000 2021,RT @answer_crypto: @Poloniex BitcoinZ #bitcoinz #BTCZ #crypto #cryptocurrency #cryptocommunity https://t.co/NYXqBbGOYh,"['bitcoinz', 'BTCZ', 'crypto', 'cryptocurrency', 'cryptocommunity']",http://pbs.twimg.com/profile_images/1393987923910045701/YBsiVFXh_normal.jpg,0,,0,False,342,Sat Apr 10 02:40:29 +0000 2021,,"<a href=""https://mobile.twitter.com"" rel=""nofollow"">Twitter Web App</a>"
1400558524996984833,PiperkovN,1355984304543830017,Thu Jun 03 21:02:28 +0000 2021,"RT @Benzinga: Why Dogecoin Can Hit 75 Cents Again, According To @MattWallace888 

https://t.co/y8k2XRJQvc",[],http://pbs.twimg.com/profile_images/1383722543698251780/f2LD9g9N_normal.jpg,0,,0,False,50,Sun Jan 31 21:00:38 +0000 2021,,"<a href=""http://twitter.com/download/iphone"" rel=""nofollow"">Twitter for iPhone</a>"
1400558526964060163,lopezkil88,2690880700,Thu Jun 03 21:02:28 +0000 2021,"RT @Benzinga: Why Dogecoin Can Hit 75 Cents Again, According To @MattWallace888 

https://t.co/y8k2XRJQvc",[],http://pbs.twimg.com/profile_images/1383768273204899848/6ayLNMNz_normal.jpg,0,"Killeen, TX",0,False,29,Wed Jul 09 11:53:27 +0000 2014,,"<a href=""http://twitter.com/download/android"" rel=""nofollow"">Twitter for Android</a>"
1400558527463231492,BingoLingo7,1393150255135350785,Thu Jun 03 21:02:28 +0000 2021,"RT @Benzinga: Why Dogecoin Can Hit 75 Cents Again, According To @MattWallace888 

https://t.co/y8k2XRJQvc",[],http://pbs.twimg.com/profile_images/1394043715765817355/0_KXzIHA_normal.jpg,0,,0,False,86,Fri May 14 10:25:25 +0000 2021,,"<a href=""http://twitter.com/download/android"" rel=""nofollow"">Twitter for Android</a>"
1400558529732304900,theKenAspinwall,261625529,Thu Jun 03 21:02:29 +0000 2021,"RT @Benzinga: Why Dogecoin Can Hit 75 Cents Again, According To @MattWallace888 

https://t.co/y8k2XRJQvc",[],http://pbs.twimg.com/profile_images/1395890257489498119/J1zfGnO1_normal.jpg,0,,0,False,211,Sun Mar 06 10:08:23 +0000 2011,,"<a href=""http://twitter.com/download/android"" rel=""nofollow"">Twitter for Android</a>"
1400558533326872578,petalzovroze,720819722787364864,Thu Jun 03 21:02:30 +0000 2021,"RT @Benzinga: Why Dogecoin Can Hit 75 Cents Again, According To @MattWallace888 

https://t.co/y8k2XRJQvc",[],http://pbs.twimg.com/profile_images/1333141330382512129/OTZdqIKc_normal.jpg,0,"New York, NY",0,False,197,Fri Apr 15 03:43:08 +0000 2016,,"<a href=""http://twitter.com/download/iphone"" rel=""nofollow"">Twitter for iPhone</a>"
1400558534178320387,womanwithaplan1,1376258404667301890,Thu Jun 03 21:02:30 +0000 2021,"RT @Sakthip01230873: $CERBERUS is best cryptocurrency
You can buy @gocerberusfi here
https://t.co/pvqJuRghtO
#Cerberus #DeFi #YieldFarmin...","['Cerberus', 'DeFi']",http://pbs.twimg.com/profile_images/1376258883103113226/-OskHvND_normal.jpg,0,,0,False,212,Sun Mar 28 19:43:02 +0000 2021,,"<a href=""https://help.twitter.com/en/using-twitter/how-to-tweet#source-labels"" rel=""nofollow"">tweety8</a>"
1400558534836817921,sergio27496,197763698,Thu Jun 03 21:02:30 +0000 2021,"RT @NervosNetwork: More great coverage about our latest developments with @InputOutputHK, thanks @EditorParkin 

Read below ",[],http://pbs.twimg.com/profile_images/701766449593978880/ApYB0gwF_normal.jpg,0,,0,False,84,Sat Oct 02 11:40:52 +0000 2010,,"<a href=""http://twitter.com/download/iphone"" rel=""nofollow"">Twitter for iPhone</a>"
1400558536195706882,PredictsWe,1345493115973627907,Thu Jun 03 21:02:30 +0000 2021,"RT @Benzinga: Why Dogecoin Can Hit 75 Cents Again, According To @MattWallace888 

https://t.co/y8k2XRJQvc",[],http://pbs.twimg.com/profile_images/1389229674434289670/i8CmiUv3_normal.jpg,0,,0,False,59,Sat Jan 02 22:12:27 +0000 2021,,"<a href=""http://twitter.com/download/iphone"" rel=""nofollow"">Twitter for iPhone</a>"
1400558536627793920,SpectivS,1376781186530484225,Thu Jun 03 21:02:30 +0000 2021,"RT @Benzinga: Why Dogecoin Can Hit 75 Cents Again, According To @MattWallace888 

https://t.co/y8k2XRJQvc",[],http://pbs.twimg.com/profile_images/1396908109352865794/LpbDEkwS_normal.jpg,0,,0,False,22,Tue Mar 30 06:20:03 +0000 2021,,"<a href=""http://twitter.com/download/iphone"" rel=""nofollow"">Twitter for iPhone</a>"
1400558537634320389,injunnyy,980718912,Thu Jun 03 21:02:31 +0000 2021,"RT @SpartanCasino: EXCITING NEWS!!
$WAR is officially listed on Bithumb Global. Token holders can now join the ""Deposit &amp; Trading WAR, WIN...",[],http://pbs.twimg.com/profile_images/1399308287099637762/vXEa6jej_normal.png,0,‚Äî‚òÜ¬∞‚Ä¢ „ÄÇnct dream‚ô°,0,False,549,Fri Nov 30 15:56:32 +0000 2012,,"<a href=""http://twitter.com/download/android"" rel=""nofollow"">Twitter for Android</a>"
1400558540524118020,sitaina07,1372205398577410053,Thu Jun 03 21:02:31 +0000 2021,"RT @Benzinga: Why Dogecoin Can Hit 75 Cents Again, According To @MattWallace888 

https://t.co/y8k2XRJQvc",[],http://pbs.twimg.com/profile_images/1372306523897040896/Ek-WqZmt_normal.jpg,0,,0,False,8,Wed Mar 17 15:20:24 +0000 2021,,"<a href=""http://twitter.com/download/iphone"" rel=""nofollow"">Twitter for iPhone</a>"
1400558540989730817,honeypicknava,1385294908701900800,Thu Jun 03 21:02:31 +0000 2021,"RT @alix_bibi: $75 GIVEAWAY ~ 24 HOURS 

- RT this 
- follow me &amp;  @hckhouse  project from 2014 that will launch his own cryptocurrency ab...",[],http://pbs.twimg.com/profile_images/1400177720366047233/_LyzD6d3_normal.jpg,0,Indonesia,0,False,17,Thu Apr 22 18:10:31 +0000 2021,,"<a href=""http://twitter.com/download/iphone"" rel=""nofollow"">Twitter for iPhone</a>"
1400558543250591748,Airdropnotecom,818174358862622720,Thu Jun 03 21:02:32 +0000 2021,"RT @Airdropnotecom: #Bitcoin #Satoshi #ico #token #cryptocurrency #blockchain #Airdrop
ArecaSwap Airdrop Is Now Live 

 Claim Your 6.000....","['Bitcoin', 'Satoshi', 'ico', 'token', 'cryptocurrency', 'blockchain', 'Airdrop']",http://pbs.twimg.com/profile_images/1024335297037914112/EGgCmXkM_normal.jpg,0,Blockchain,0,False,1302,Sun Jan 08 19:15:42 +0000 2017,,"<a href=""https://mobile.twitter.com"" rel=""nofollow"">Twitter Web App</a>"
1400558544169193474,cryptone8G,1394352476309045255,Thu Jun 03 21:02:32 +0000 2021,"RT @BriBorges1: @girlgone_crypto While you wait, how about a cute #memecoin project $PUSSY @PUSSYFinancial. Loving to be part of the commun...",['memecoin'],http://pbs.twimg.com/profile_images/1399380126656253958/vg7M9Zna_normal.jpg,0,,0,False,87,Mon May 17 18:01:59 +0000 2021,,"<a href=""http://twitter.com/download/android"" rel=""nofollow"">Twitter for Android</a>"
1400558552746532868,SnowbunnyLips,1354514644703043588,Thu Jun 03 21:02:34 +0000 2021,"RT @Benzinga: Why Dogecoin Can Hit 75 Cents Again, According To @MattWallace888 

https://t.co/y8k2XRJQvc",[],http://pbs.twimg.com/profile_images/1397030086168166401/1mBaLrfm_normal.jpg,0,United States,0,False,331,Wed Jan 27 19:40:47 +0000 2021,,"<a href=""http://twitter.com/download/iphone"" rel=""nofollow"">Twitter for iPhone</a>"
1400558553816047625,aDogeFather,1360472728713764865,Thu Jun 03 21:02:35 +0000 2021,"RT @Benzinga: Why Dogecoin Can Hit 75 Cents Again, According To @MattWallace888 

https://t.co/y8k2XRJQvc",[],http://pbs.twimg.com/profile_images/1395969076669865987/78fczVPU_normal.jpg,0,"Pennsylvania, USA",0,False,105,Sat Feb 13 06:16:08 +0000 2021,,"<a href=""http://twitter.com/download/android"" rel=""nofollow"">Twitter for Android</a>"
1400558557339295745,BADYGART27,212176440,Thu Jun 03 21:02:35 +0000 2021,"RT @CoinMarketCap: Part 3 of Trending Tokens:

 Top Trending Token in Americas last week   

Check out the rest of the trending tokens he...",[],http://pbs.twimg.com/profile_images/1121710170764193792/mgrg95Wu_normal.png,0,NEWYORK,0,False,1163,Fri Nov 05 10:45:39 +0000 2010,,"<a href=""http://twitter.com/download/android"" rel=""nofollow"">Twitter for Android</a>"
1400558559083986949,gordonf71945674,1384470081594220544,Thu Jun 03 21:02:36 +0000 2021,@CryptoWizardd Over 45%+ Profits from #Ethereum signal within 18 minute's. you can check the time of signal entry p... https://t.co/BYiaDC3FRh,['Ethereum'],http://pbs.twimg.com/profile_images/1384470369344507916/cHi5a9UB_normal.jpg,0,,0,False,9,Tue Apr 20 11:33:28 +0000 2021,,"<a href=""https://mobile.twitter.com"" rel=""nofollow"">Twitter Web App</a>"
1400558560468160512,LuganskiyStraus,1388071941186146304,Thu Jun 03 21:02:36 +0000 2021,"RT @BoostRocketCoin: BoostRocket #Coin is NOW LAUNCHED! 
The Goal is TO THE MOON! 
0% FEES! Best &amp; newest #cryptocurrency 

Visit our...","['Coin', 'cryptocurrency']",http://pbs.twimg.com/profile_images/1388072357319880705/ogxgUl-d_normal.jpg,0,,0,False,2,Fri Apr 30 10:05:48 +0000 2021,,"<a href=""https://mobile.twitter.com"" rel=""nofollow"">Twitter Web App</a>"
1400558562544390146,jam_sfm,1381182969352699904,Thu Jun 03 21:02:37 +0000 2021,"RT @tatatoken: Our next AMA will be conducted on 

Sunday, June the 6th. 

Make sure to record your AMA questions on our discord AMA channe...",[],http://pbs.twimg.com/profile_images/1398636206141984768/Blex1d2v_normal.jpg,0,Celestial Nexus,0,False,40,Sun Apr 11 09:51:06 +0000 2021,,"<a href=""http://twitter.com/download/iphone"" rel=""nofollow"">Twitter for iPhone</a>"
1400558563488108549,Celsian,877775754569928706,Thu Jun 03 21:02:37 +0000 2021,"RT @Mashinsky: ""Celsius, the leading global cryptocurrency yield-earning platform, now holds 107,900 #Bitcoin  (BTC). This accounts for abo...",['Bitcoin'],http://pbs.twimg.com/profile_images/1389764615521845248/CdGT3A6J_normal.jpg,0,Global and Decentralized,0,False,864,Thu Jun 22 06:30:22 +0000 2017,,"<a href=""http://twitter.com/download/android"" rel=""nofollow"">Twitter for Android</a>"
1400558568072491010,FreneticFirmino,2505309547,Thu Jun 03 21:02:38 +0000 2021,"RT @StarCashBSC: We are giving away $500 worth of StarCA$H 

1. Follow us here on Twitter.
2. Like &amp; Retweet this post.
3. Tag 3 friends o...",[],http://pbs.twimg.com/profile_images/1400051656516112384/IuJIe4GE_normal.jpg,0,Somewhere in the UK...,0,False,1102,Sun May 18 19:18:37 +0000 2014,,"<a href=""http://twitter.com/download/iphone"" rel=""nofollow"">Twitter for iPhone</a>"
1400558568735088641,bond58561312,1397573818818854912,Thu Jun 03 21:02:38 +0000 2021,"RT @VISHALBHAI007: Amazing Project!!!!
@james33577763 
@bond58561312
@ashishnaglot
@VISHALY91192045",[],http://pbs.twimg.com/profile_images/1398351154237431809/2tQHEX5i_normal.jpg,0,,0,False,4,Wed May 26 15:22:27 +0000 2021,,"<a href=""http://twitter.com/download/android"" rel=""nofollow"">Twitter for Android</a>"
1400558579036213249,SchuylerThorpe,1147631184563720192,Thu Jun 03 21:02:41 +0000 2021,"@CristieTalks @eToroUS That's because it's fake money with no real value outside the internet.

You can't pay your... https://t.co/yEkpTNz4ve",[],http://pbs.twimg.com/profile_images/1381502178506858496/ncSu2mQt_normal.jpg,0,"Everett, WA",0,False,3392,Sat Jul 06 22:19:31 +0000 2019,,"<a href=""https://mobile.twitter.com"" rel=""nofollow"">Twitter Web App</a>"
1400558582333124613,2ndEmpireMedia,2858979385,Thu Jun 03 21:02:41 +0000 2021,"@topherAlba26 @GloryDoge https://t.co/5WD7wcLjzr
Monday Night Livestream Rebroadcast - #LiquidityMining #liquidity... https://t.co/OjB9Od5gTM","['LiquidityMining', 'liquidity']",http://pbs.twimg.com/profile_images/1326688509248368641/vquulEdc_normal.jpg,0,,0,False,208,Fri Oct 17 00:09:22 +0000 2014,,"<a href=""https://mobile.twitter.com"" rel=""nofollow"">Twitter Web App</a>"
1400558582656122884,ElCryptoSatoshi,1352968915647922177,Thu Jun 03 21:02:41 +0000 2021,"RT @CherriesCrypto: LEPRACOIN just launched on BSC folks. 
It's the first token to combine yield, charity and liquidity generation on each...",[],http://pbs.twimg.com/profile_images/1358523515054489606/xAtlrpYd_normal.jpg,0,,0,False,2147,Sat Jan 23 13:18:35 +0000 2021,,"<a href=""http://twitter.com/download/android"" rel=""nofollow"">Twitter for Android</a>"
1400558585386393603,ShibaPhang,1398161189578764289,Thu Jun 03 21:02:42 +0000 2021,RT @gevorgpo: So far which INU is your favorite  from this 4? #100xCoin #CryptoNews #cryptocurrency #cryptocurrencies #Crypto #shibainu  #k...,"['100xCoin', 'CryptoNews', 'cryptocurrency', 'cryptocurrencies', 'Crypto', 'shibainu']",http://pbs.twimg.com/profile_images/1399883217608474624/oarGLANI_normal.jpg,0,Cambodia,0,False,42,Fri May 28 06:16:29 +0000 2021,,"<a href=""http://twitter.com/download/iphone"" rel=""nofollow"">Twitter for iPhone</a>"
1400558585281720324,CoinSutra,798788069306445825,Thu Jun 03 21:02:42 +0000 2021,"Want to stay updated with the latest news &amp; trends in the Crypto World? 

Follow us on Telegram ... https://t.co/jVlaILPlCC",[],http://pbs.twimg.com/profile_images/1357591328897441794/u3gV9Uzz_normal.jpg,0,DMs open for submission,0,False,5937,Wed Nov 16 07:21:31 +0000 2016,,"<a href=""https://app.socialpilot.co/"" rel=""nofollow"">SocialPilot.co</a>"
1400558590327394311,JakobMihelich,1364055921631059970,Thu Jun 03 21:02:43 +0000 2021,"RT @Benzinga: Why Dogecoin Can Hit 75 Cents Again, According To @MattWallace888 

https://t.co/y8k2XRJQvc",[],http://pbs.twimg.com/profile_images/1383841178886369283/vNMGQkxq_normal.jpg,0,,0,False,14,Tue Feb 23 03:34:18 +0000 2021,,"<a href=""http://twitter.com/download/iphone"" rel=""nofollow"">Twitter for iPhone</a>"
1400558594311995396,BADYGART27,212176440,Thu Jun 03 21:02:44 +0000 2021,"RT @CoinMarketCap: Learn about PlasmaFinance, the all-in-1 DeFi platform and EARN $PPAY now!

Find out more below:
https://t.co/Fkzgx0ZUJQ...",[],http://pbs.twimg.com/profile_images/1121710170764193792/mgrg95Wu_normal.png,0,NEWYORK,0,False,1163,Fri Nov 05 10:45:39 +0000 2010,,"<a href=""http://twitter.com/download/android"" rel=""nofollow"">Twitter for Android</a>"
1400558595477889027,Uni48657139,1399805593330749443,Thu Jun 03 21:02:44 +0000 2021,RT @ouaslam_youssef: Good luck.,[],http://pbs.twimg.com/profile_images/1400469536101470211/KYwkfafN_normal.jpg,0,,0,False,5,Tue Jun 01 19:10:50 +0000 2021,,"<a href=""http://twitter.com/download/android"" rel=""nofollow"">Twitter for Android</a>"
1400558597197766659,128doge,1382902963937640449,Thu Jun 03 21:02:45 +0000 2021,"RT @Benzinga: Why Dogecoin Can Hit 75 Cents Again, According To @MattWallace888 

https://t.co/y8k2XRJQvc",[],http://pbs.twimg.com/profile_images/1391915075661963271/XxMMREvy_normal.jpg,0,Online,0,False,31,Fri Apr 16 03:47:30 +0000 2021,,"<a href=""http://twitter.com/download/iphone"" rel=""nofollow"">Twitter for iPhone</a>"
1400558597252263939,Annabel34651225,1391886965713162241,Thu Jun 03 21:02:45 +0000 2021,RT @Cointelegraph: Apple co-founder Steve Wozniak lost a case against @YouTube. A recent court ruling said that the video hosting giant is...,[],http://pbs.twimg.com/profile_images/1391887241505505281/fDOD_IE5_normal.jpg,0,,0,False,2,Mon May 10 22:45:11 +0000 2021,,"<a href=""http://twitter.com/download/android"" rel=""nofollow"">Twitter for Android</a>"
1400558598057517066,cwharlow,517212934,Thu Jun 03 21:02:45 +0000 2021,RT @Liberationtech: Google says it will allow ads for cryptocurrency exchanges and wallets in the US that meet certain requirements and are...,[],http://pbs.twimg.com/profile_images/729779866846019586/RNUZ3kfs_normal.jpg,0,near Detroit,0,False,2264,Wed Mar 07 04:37:27 +0000 2012,,"<a href=""http://twitter.com/download/android"" rel=""nofollow"">Twitter for Android</a>"
1400558598695141384,Here4Doge,1392886113384161280,Thu Jun 03 21:02:45 +0000 2021,"RT @Benzinga: Why Dogecoin Can Hit 75 Cents Again, According To @MattWallace888 

https://t.co/y8k2XRJQvc",[],http://pbs.twimg.com/profile_images/1392886463268802561/r6PhbLac_normal.jpg,0,,0,False,2,Thu May 13 16:55:12 +0000 2021,,"<a href=""https://mobile.twitter.com"" rel=""nofollow"">Twitter Web App</a>"
1400558604009324544,KinkKrypto,1385683950245404673,Thu Jun 03 21:02:46 +0000 2021,"$OMI and $HOT may have ups and downs in the short term, but I feel that they have such a long term potential that I... https://t.co/jFkiSxYI0V",[],http://pbs.twimg.com/profile_images/1385684333072093188/F1VYatPs_normal.jpg,0,,0,False,59,Fri Apr 23 19:56:33 +0000 2021,,"<a href=""http://twitter.com/download/android"" rel=""nofollow"">Twitter for Android</a>"
1400558606211108864,Bryan84545133,1090378205838553088,Thu Jun 03 21:02:47 +0000 2021,RT @Dogeinvesting: Was #Dogecoin the first cryptocurrency you owned?,['Dogecoin'],http://pbs.twimg.com/profile_images/1329179909831290880/621TEAp-_normal.jpg,0,,0,False,19,Tue Jan 29 22:36:37 +0000 2019,,"<a href=""http://twitter.com/download/android"" rel=""nofollow"">Twitter for Android</a>"
1400558606177685507,Zay_trader,1228369287888412672,Thu Jun 03 21:02:47 +0000 2021,"RT @Benzinga: Why Dogecoin Can Hit 75 Cents Again, According To @MattWallace888 

https://t.co/y8k2XRJQvc",[],http://pbs.twimg.com/profile_images/1395105824759062531/8mRK1qMT_normal.jpg,0,"Tampa, FL",0,False,288,Fri Feb 14 17:24:00 +0000 2020,,"<a href=""https://mobile.twitter.com"" rel=""nofollow"">Twitter Web App</a>"
1400558607213727747,Simone60642793,1400557403893080067,Thu Jun 03 21:02:47 +0000 2021,"RT @Crypto_novae:  Prepare for Beta! 

Become one of 300 exclusive Beta testers!

$YAE #cryptocurrency #BSC #ETH 

https://t.co/SI1QRtew2A","['cryptocurrency', 'BSC', 'ETH']",http://abs.twimg.com/sticky/default_profile_images/default_profile_normal.png,0,,0,False,0,Thu Jun 03 20:59:50 +0000 2021,,"<a href=""https://mobile.twitter.com"" rel=""nofollow"">Twitter Web App</a>"
1400558608513830915,Stenersenj83,1190152099339784192,Thu Jun 03 21:02:48 +0000 2021,"RT @Benzinga: Why Dogecoin Can Hit 75 Cents Again, According To @MattWallace888 

https://t.co/y8k2XRJQvc",[],http://pbs.twimg.com/profile_images/1319706349551247360/5-xExKAi_normal.jpg,0,,0,False,14,Fri Nov 01 06:22:47 +0000 2019,,"<a href=""http://twitter.com/download/iphone"" rel=""nofollow"">Twitter for iPhone</a>"
1400558610690740226,elpetem7,131656460,Thu Jun 03 21:02:48 +0000 2021,"RT @MatthewLINY: Visa &amp; The Cryptocurrency Opportunity: Inside The Card Network's Digital Currency Plans

The #XRPCommunity found Visa #xrp...","['XRPCommunity', 'xrp']",http://pbs.twimg.com/profile_images/1266189842/59103_1551331150604_1454889903_1435786_5758878_n_normal.jpg,0,Connecticut,0,False,15,Sat Apr 10 23:24:06 +0000 2010,,"<a href=""http://twitter.com/download/iphone"" rel=""nofollow"">Twitter for iPhone</a>"
1400558612397715458,juapnok,1314097062254768128,Thu Jun 03 21:02:48 +0000 2021, Earn free #BTC and multiply crypto up to 15% monthly with @betfury BOXes  Enjoy the easy way to get cryptocurren... https://t.co/Z5rC2ut9jx,['BTC'],http://abs.twimg.com/sticky/default_profile_images/default_profile_normal.png,0,,0,False,2,Thu Oct 08 06:57:09 +0000 2020,,"<a href=""https://mobile.twitter.com"" rel=""nofollow"">Twitter Web App</a>"
1400558613769330694,RabbaRabbaaa,56060233,Thu Jun 03 21:02:49 +0000 2021,"RT @TheCryptoSaiyan: What is media licensing token ( $MLT ) and why should you take a look at this #cryptocurrency?

Here's a quick summary...",['cryptocurrency'],http://pbs.twimg.com/profile_images/1305548954247917568/k8ihTvjD_normal.jpg,0,Cryptoland,0,False,81,Sun Jul 12 09:48:10 +0000 2009,,"<a href=""http://twitter.com/download/android"" rel=""nofollow"">Twitter for Android</a>"
1400558618043465737,bubblementality,1160860237408215040,Thu Jun 03 21:02:50 +0000 2021,@mchowla @jebus911 @davidgerard @AdamSinger So what you're saying is that you could ban the paying of ransoms witho... https://t.co/asvRfguIYN,[],http://pbs.twimg.com/profile_images/1380490142973100033/ABplqjhA_normal.jpg,0,metamask,0,False,172,Mon Aug 12 10:27:03 +0000 2019,,"<a href=""http://twitter.com/download/android"" rel=""nofollow"">Twitter for Android</a>"
1400558619888848900,cryptone8G,1394352476309045255,Thu Jun 03 21:02:50 +0000 2021,RT @Gaelojeda18: @PUSSYFinancial  I got my eyes on the prize! $PUSSY #PUSSYFinancial #moonshot #PUSSYCoin #DAO #CryptoCurrency #BuyTheDip #...,"['PUSSYFinancial', 'moonshot', 'PUSSYCoin', 'DAO', 'CryptoCurrency', 'BuyTheDip']",http://pbs.twimg.com/profile_images/1399380126656253958/vg7M9Zna_normal.jpg,0,,0,False,87,Mon May 17 18:01:59 +0000 2021,,"<a href=""http://twitter.com/download/android"" rel=""nofollow"">Twitter for Android</a>"
1400558620002160645,DogeCoinForAll1,1391814654113067012,Thu Jun 03 21:02:50 +0000 2021,"RT @freebitco: $32,500 Monthly Contest for June Is LIVE!

Start wagering NOW to win the Monthly Contest when the month ends.

#FreeBitcoin...",['FreeBitcoin'],http://pbs.twimg.com/profile_images/1391816216185036808/k1XyryPl_normal.jpg,0,,0,False,166,Mon May 10 17:57:36 +0000 2021,,"<a href=""http://twitter.com/download/android"" rel=""nofollow"">Twitter for Android</a>"
1400558620459233284,kudibangalan,2916705049,Thu Jun 03 21:02:50 +0000 2021,RT @nayan1190: Where is my 42 WRX @WazirXIndia #cryptocurrency #WRX #WazirX I Brought 100 WRX coins later on I sold 50WRX remaining 50 I ne...,"['cryptocurrency', 'WRX', 'WazirX']",http://pbs.twimg.com/profile_images/1350442569348509698/eigLE1ix_normal.jpg,0,,0,False,13,Tue Dec 02 14:30:19 +0000 2014,,"<a href=""http://twitter.com/download/iphone"" rel=""nofollow"">Twitter for iPhone</a>"
1400558621902217221,Jhohel1,2339035618,Thu Jun 03 21:02:51 +0000 2021,"RT @BTCTN: ""My goal is to legalize the competition and the people will sort it out. Freedom of choice will sort it out,"" said Ron Paul. #bi...",[],http://pbs.twimg.com/profile_images/1379217744088940551/Djbux3zG_normal.jpg,0,Some where on earth,0,False,3226,Wed Feb 12 09:06:39 +0000 2014,,"<a href=""http://twitter.com/download/android"" rel=""nofollow"">Twitter for Android</a>"
1400558629493805060,NaveedUllahBur1,1389538371345731585,Thu Jun 03 21:02:53 +0000 2021,"RT @Benzinga: Why Dogecoin Can Hit 75 Cents Again, According To @MattWallace888 

https://t.co/y8k2XRJQvc",[],http://pbs.twimg.com/profile_images/1389538708861378563/SZSTUtEd_normal.jpg,0,,0,False,16,Tue May 04 11:12:33 +0000 2021,,"<a href=""http://twitter.com/download/android"" rel=""nofollow"">Twitter for Android</a>"
1400558631448371204,Ghaseda47,1373693397018542080,Thu Jun 03 21:02:53 +0000 2021,"RT @ava_today: Iran reports a new record high electricity consumption level of 59,076 megawatts, exceeding last year's peak. This is despit...",[],http://pbs.twimg.com/profile_images/1373694844187594752/mIVs1Cya_normal.jpg,0,,0,False,259,Sun Mar 21 17:51:18 +0000 2021,,"<a href=""http://twitter.com/download/android"" rel=""nofollow"">Twitter for Android</a>"
1400558632182353926,fibo112_,1479504696,Thu Jun 03 21:02:53 +0000 2021,"RT @Benzinga: Why Dogecoin Can Hit 75 Cents Again, According To @MattWallace888 

https://t.co/y8k2XRJQvc",[],http://pbs.twimg.com/profile_images/1385895483848200194/tPviBJf0_normal.jpg,0,,0,False,11,Mon Jun 03 11:52:36 +0000 2013,,"<a href=""http://twitter.com/#!/download/ipad"" rel=""nofollow"">Twitter for iPad</a>"
1400558632933146626,Seantee11,265745010,Thu Jun 03 21:02:53 +0000 2021,"RT @Benzinga: Why Dogecoin Can Hit 75 Cents Again, According To @MattWallace888 

https://t.co/y8k2XRJQvc",[],http://pbs.twimg.com/profile_images/1360468236433817601/IodUQlO2_normal.jpg,0,"Panama City Beach, Florida",0,False,1457,Mon Mar 14 02:39:50 +0000 2011,,"<a href=""http://twitter.com/download/iphone"" rel=""nofollow"">Twitter for iPhone</a>"
1400558634069864455,2ndEmpireMedia,2858979385,Thu Jun 03 21:02:54 +0000 2021,"@Benzinga @MattWallace888 https://t.co/5WD7wcLjzr
Monday Night Livestream Rebroadcast - #LiquidityMining #liquidity... https://t.co/Bgd53KY6NO","['LiquidityMining', 'liquidity']",http://pbs.twimg.com/profile_images/1326688509248368641/vquulEdc_normal.jpg,0,,0,False,208,Fri Oct 17 00:09:22 +0000 2014,,"<a href=""https://mobile.twitter.com"" rel=""nofollow"">Twitter Web App</a>"
1400558634187296772,Ayocrown234,238139996,Thu Jun 03 21:02:54 +0000 2021,"RT @Crypto_novae:  Prepare for Beta! 

Become one of 300 exclusive Beta testers!

$YAE #cryptocurrency #BSC #ETH 

https://t.co/SI1QRtew2A","['cryptocurrency', 'BSC', 'ETH']",http://pbs.twimg.com/profile_images/2439053555/IMG-20120713-WA002_normal.jpg,0,"Ibadan, Nigeria",0,False,103,Fri Jan 14 13:18:37 +0000 2011,,"<a href=""http://twitter.com/download/android"" rel=""nofollow"">Twitter for Android</a>"
1400558637387595785,kart_asim,980918060973518849,Thu Jun 03 21:02:54 +0000 2021,"RT @AntiDanilevski: Short stor yof $KICK, Jan 2021 - June 2021. Do you see where it is going? 

What price would be on 3rd July? I'll send...",[],http://pbs.twimg.com/profile_images/1393654080170565635/O8swAW7w_normal.jpg,0,,0,False,15,Mon Apr 02 21:21:05 +0000 2018,,"<a href=""http://twitter.com/download/android"" rel=""nofollow"">Twitter for Android</a>"
1400558640587804675,cwarias,87508543,Thu Jun 03 21:02:55 +0000 2021, Earn free #BTC and multiply crypto up to 15% monthly with @betfury BOXes  Enjoy the easy way to get cryptocurren... https://t.co/IsQYGDBg3y,['BTC'],http://pbs.twimg.com/profile_images/1351868337903575041/OgFqplOy_normal.jpg,0,Ciudad Aut√≥noma de Buenos Aire,0,False,57,Wed Nov 04 19:12:06 +0000 2009,,"<a href=""http://twitter.com/download/android"" rel=""nofollow"">Twitter for Android</a>"
1400558641057570821,Ayamdeleon,101181980,Thu Jun 03 21:02:55 +0000 2021,RT @L3n_zai: You wanted @BANKSOCIALio merch. Here's your chance! The Store is up and running for those that are in the know! #factsnotfud h...,['factsnotfud'],http://pbs.twimg.com/profile_images/1007441433652015104/8CBtJ4d7_normal.jpg,0,New york,0,False,177,Sat Jan 02 09:21:50 +0000 2010,,"<a href=""http://twitter.com/download/iphone"" rel=""nofollow"">Twitter for iPhone</a>"
1400558642450030593,madkingwolf,1399619404317528065,Thu Jun 03 21:02:56 +0000 2021,I'M SORRY I DIDN'T PAY CHILD SUPPORT I HAD TO PAY #Ethereum GAS FEES TO BUY $MUNCH INSTEAD. #BNB bridge will save m... https://t.co/CgSJpDwDhB,"['Ethereum', 'BNB']",http://pbs.twimg.com/profile_images/1399622839989329920/rDgDGzj6_normal.jpg,0,Sage Fields ,0,False,7,Tue Jun 01 06:51:05 +0000 2021,,"<a href=""http://twitter.com/download/android"" rel=""nofollow"">Twitter for Android</a>"
1400558643733581831,yHFRs6ucFaQ45sf,1395373669724135427,Thu Jun 03 21:02:56 +0000 2021,"RT @MoonJuiceDrunk8: #MoonJuice $MOJO
The $MOJO team has announced a third partnership, World Token

In just one month they have announced...",['MoonJuice'],http://pbs.twimg.com/profile_images/1397469635537211392/BHG-2Ma6_normal.jpg,0,"West Midlands, England",0,False,9,Thu May 20 13:39:56 +0000 2021,,"<a href=""http://twitter.com/download/iphone"" rel=""nofollow"">Twitter for iPhone</a>"
1400558645243355136,pietrielpidio,576181601,Thu Jun 03 21:02:56 +0000 2021,"RT @LunesPlatform: Some will tell you that $Lunes is the future of cryptocurrency. With no  exageration, they may be right !
 And you, what...",[],http://pbs.twimg.com/profile_images/1353756787556687880/EHgAxxF5_normal.jpg,0,"Marseille, France",0,False,2647,Thu May 10 12:14:31 +0000 2012,,"<a href=""http://twitter.com/download/android"" rel=""nofollow"">Twitter for Android</a>"
1400558650570293252,CryptoNewWorld,870365345189593088,Thu Jun 03 21:02:58 +0000 2021,"RT @OTCAmateur: Nice, about time. Now do $DGB #DigiByte #cryptocurrency https://t.co/hHk2TprN5p","['DigiByte', 'cryptocurrency']",http://pbs.twimg.com/profile_images/870366041968435201/sn7HkOSU_normal.jpg,0,United States,0,False,351,Thu Jun 01 19:44:03 +0000 2017,,"<a href=""https://mobile.twitter.com"" rel=""nofollow"">Twitter Web App</a>"
1400558651346149382,Crypto4Dummie,891822864164368384,Thu Jun 03 21:02:58 +0000 2021,@moonshilla Yes I  believe. The future is so bright.  Same goes for $PARA.  Project is lit and has the ability to p... https://t.co/m8XlLnbBq5,[],http://pbs.twimg.com/profile_images/1369242088433463322/nirFPXn0_normal.jpg,0,Mars,0,False,6435,Mon Jul 31 00:48:34 +0000 2017,,"<a href=""http://twitter.com/download/android"" rel=""nofollow"">Twitter for Android</a>"
1400558652059181057,Mrcryptopia,880502974056976384,Thu Jun 03 21:02:58 +0000 2021,"@1billiondollarz The next crypto gem $Tlos 

$alts $defi $dot $ltc $eth $bnb $btc $om $rfuel $ksm $gvt $sky $xvg... https://t.co/PsNuTcMe2u",[],http://pbs.twimg.com/profile_images/1145797041643294720/SGaSElcb_normal.jpg,0,,0,False,458,Thu Jun 29 19:07:22 +0000 2017,,"<a href=""http://twitter.com/download/android"" rel=""nofollow"">Twitter for Android</a>"
1400558659172769793,HappyGhostsNFT,1382517524701487104,Thu Jun 03 21:03:00 +0000 2021,@Digitalmuseum4 #happyghosts will donate 15% of profits to charity to encourage a cleaner and sustainable cryptocur... https://t.co/hg6FfKtl1M,['happyghosts'],http://pbs.twimg.com/profile_images/1382517627474505729/t-JFIDXX_normal.jpg,0,,0,False,8,Thu Apr 15 02:14:07 +0000 2021,,"<a href=""http://twitter.com/download/iphone"" rel=""nofollow"">Twitter for iPhone</a>"
1400558660133134337,Naura_Cinta_P,1050635861551800325,Thu Jun 03 21:03:00 +0000 2021,"RT @JupitahToken: $JUPITAH presale is now officially live on Unicrypt! 

https://t.co/t12b2Cr9aq

#jupitah #jupitak #token #cryptotwitter #...","['jupitah', 'jupitak', 'token', 'cryptotwitter']",http://pbs.twimg.com/profile_images/1261407756029845505/cky9H6hS_normal.jpg,0,,0,False,282,Fri Oct 12 06:34:44 +0000 2018,,"<a href=""http://twitter.com/download/android"" rel=""nofollow"">Twitter for Android</a>"
1400558660749770752,MarvinDoge,1385287832693059592,Thu Jun 03 21:03:00 +0000 2021,"RT @Benzinga: Why Dogecoin Can Hit 75 Cents Again, According To @MattWallace888 

https://t.co/y8k2XRJQvc",[],http://pbs.twimg.com/profile_images/1385306755693961224/uetaKYjU_normal.jpg,0,,0,False,311,Thu Apr 22 17:42:28 +0000 2021,,"<a href=""http://twitter.com/download/android"" rel=""nofollow"">Twitter for Android</a>"
1400558665539604480,ShibuRa96841071,1310218814513053698,Thu Jun 03 21:03:01 +0000 2021,"Good project
@NitikaRaj4 
@ArnavRa35421371 
@Bhumipednekar3",[],http://pbs.twimg.com/profile_images/1392003442592284676/TgCZ_g6-_normal.jpg,0,,0,False,5,Sun Sep 27 14:04:54 +0000 2020,,"<a href=""https://mobile.twitter.com"" rel=""nofollow"">Twitter Web App</a>"
1400558669364875270,creaseywes07,1384169220724846599,Thu Jun 03 21:03:02 +0000 2021,"RT @Benzinga: Why Dogecoin Can Hit 75 Cents Again, According To @MattWallace888 

https://t.co/y8k2XRJQvc",[],http://pbs.twimg.com/profile_images/1386467834180472833/rzemD1cJ_normal.jpg,0,"Eden, NC",0,False,23,Mon Apr 19 15:37:38 +0000 2021,,"<a href=""http://twitter.com/download/android"" rel=""nofollow"">Twitter for Android</a>"
1400558673471098891,WhiskerPartyOf4,1301246456679075847,Thu Jun 03 21:03:03 +0000 2021,"RT @Benzinga: Why Dogecoin Can Hit 75 Cents Again, According To @MattWallace888 

https://t.co/y8k2XRJQvc",[],http://pbs.twimg.com/profile_images/1399396338912145416/IOZu2BWL_normal.jpg,0,"Miami, FL",0,False,1293,Wed Sep 02 19:52:00 +0000 2020,,"<a href=""http://twitter.com/download/iphone"" rel=""nofollow"">Twitter for iPhone</a>"
1400558673559175172,bmayes93,1278798897729675264,Thu Jun 03 21:03:03 +0000 2021,RT @MattWallace888: @coinbase Coinbase is going to change the game for #Dogecoin. They will make it way easier to buy/sell using $Doge and...,['Dogecoin'],http://pbs.twimg.com/profile_images/1395255407183020033/XJgVOPbe_normal.jpg,0,"Chicago, IL",0,False,359,Thu Jul 02 21:13:23 +0000 2020,,"<a href=""http://twitter.com/download/android"" rel=""nofollow"">Twitter for Android</a>"
