1398418159707820034,GradesQuality,1376260368952098827,Fri May 28 23:17:25 +0000 2021,"Kindly DMüì© us for help in;
Research paper
Psychology
Sociology @GradesQuality
Business law 
Pay someone
Essay pay
P‚Ä¶ https://t.co/rKkE3S19fu",[],http://pbs.twimg.com/profile_images/1376260710787915776/qmZfoEkv_normal.jpg,0,,0,False,673,Sun Mar 28 19:50:37 +0000 2021,,"<a href=""http://twitter.com/download/android"" rel=""nofollow"">Twitter for Android</a>"
1398418162476068866,essaycode1,1354736376021983232,Fri May 28 23:17:25 +0000 2021,"Do you want your assignment to be done by professionals:Email us essaycode17@gmail.com
#Assignments
#Exam
#Maths‚Ä¶ https://t.co/G2aqRmGD2Z","['Assignments', 'Exam', 'Maths']",http://pbs.twimg.com/profile_images/1354869033858981891/dqbrGckY_normal.jpg,0,Newyork,0,False,171,Thu Jan 28 10:21:58 +0000 2021,,"<a href=""http://twitter.com/download/iphone"" rel=""nofollow"">Twitter for iPhone</a>"
1398418168163536898,RobOttoBots,1381744487358078979,Fri May 28 23:17:27 +0000 2021,"RT @essaycode1: Do you want your assignment to be done by professionals:Email us essaycode17@gmail.com
#Assignments
#Exam
#Maths
#Economics‚Ä¶","['Assignments', 'Exam', 'Maths', 'Economics']",http://pbs.twimg.com/profile_images/1381744739876175878/g88W9wp-_normal.jpg,0,The Internets,0,False,338,Mon Apr 12 23:02:48 +0000 2021,,"<a href=""https://help.twitter.com/en/using-twitter/how-to-tweet#source-labels"" rel=""nofollow"">Rob Otto Bot Twitter</a>"
1398418186983383043,BotRaj1,1260015280048222208,Fri May 28 23:17:31 +0000 2021,RT @Sheraj99: #TensorFlow 1.x Deep Learning Cookbook. #BigData #Analytics #DataScience #AI #MachineLearning #IoT #IIoT #PyTorch #Python #RS‚Ä¶,"['TensorFlow', 'BigData', 'Analytics', 'DataScience', 'AI', 'MachineLearning', 'IoT', 'IIoT', 'PyTorch', 'Python']",http://pbs.twimg.com/profile_images/1298179046149255170/2pOFz0EL_normal.jpg,0,,0,False,372,Tue May 12 01:15:47 +0000 2020,,"<a href=""https://twitter.com/BotRaj1"" rel=""nofollow"">PM Softwares</a>"
1398418656778985484,_McPozedorodo_,1258479098193731585,Fri May 28 23:19:23 +0000 2021,"RT @LXRYAPPVREL_: #Week9 Python Backpack üêç 

#WeeklyDrops
#LXRY
https://t.co/4cytI6HDvY https://t.co/Jw7t12WWSt","['Week9', 'WeeklyDrops', 'LXRY']",http://pbs.twimg.com/profile_images/1395785186026168327/wHs1bmn__normal.jpg,0,,0,False,47095,Thu May 07 19:29:43 +0000 2020,,"<a href=""http://twitter.com/download/iphone"" rel=""nofollow"">Twitter for iPhone</a>"
1398418705441247232,byLilyV,134434122,Fri May 28 23:19:35 +0000 2021,"#FEATURED #COURSES
Complete #Python #Developer in 2021: Zero to Mastery
How to become a #Python3 Developer and get‚Ä¶ https://t.co/EppO5HBbjw","['FEATURED', 'COURSES', 'Python', 'Developer', 'Python3']",http://pbs.twimg.com/profile_images/1286667414873276416/1J-cKwoj_normal.jpg,0,"Bradford, Yorkshire",0,False,23940,Sun Apr 18 11:58:09 +0000 2010,,"<a href=""https://app.socialpilot.co/"" rel=""nofollow"">SocialPilot.co</a>"
1398418706447974401,YellowMustard8,1329550581787222018,Fri May 28 23:19:35 +0000 2021,RT @s_kinnaly: Every time Ethan Winters gets injured I think about that scene from the Monty Python and the Holy Grail. #ResidentEvil8Villa‚Ä¶,[],http://pbs.twimg.com/profile_images/1359703484745015298/EvdEgeWq_normal.jpg,0,,0,False,4,Thu Nov 19 22:22:39 +0000 2020,,"<a href=""http://twitter.com/download/iphone"" rel=""nofollow"">Twitter for iPhone</a>"
1398418712806543362,TheSecretJunio1,1271182596559511554,Fri May 28 23:19:37 +0000 2021,"RT @TheBeginnerDev: Need a weekend project? I've got some inspiration for you. 

#DEVCommunity #CodeNewbie
https://t.co/rgzTlMb50V","['DEVCommunity', 'CodeNewbie']",http://pbs.twimg.com/profile_images/1281192258667188226/DcxncxpU_normal.jpg,0,,0,False,2095,Thu Jun 11 20:48:53 +0000 2020,,"<a href=""https://write.as/the-secret-junior-developer/"" rel=""nofollow"">TheSecretJuniorDev</a>"
1398418719123013635,fox194,301294951,Fri May 28 23:19:38 +0000 2021,"RT @PythonHub: Machine Learning Pipelines

1 Introduction 2 Loading the libraries and classes 3 Loading the data 4 ML Pipelines  4.1 A simp‚Ä¶",[],http://pbs.twimg.com/profile_images/1201010568393441281/vQ_5biOM_normal.jpg,0,"Sydney, New South Wales",0,False,33,Thu May 19 07:01:01 +0000 2011,,"<a href=""http://twitter.com/download/android"" rel=""nofollow"">Twitter for Android</a>"
1398419028767563779,BtpTechSearch,1633428576,Fri May 28 23:20:52 +0000 2021,"RT @StrangeFactoid: The Python programming language was not named after the snake, but was actually named after ""Monty Python's Flying Circ‚Ä¶",[],http://pbs.twimg.com/profile_images/378800000215671410/3ae4aa058cb2a197a001b77331c3d354_normal.jpeg,0,"Coral Springs, FL ",0,False,2253,Tue Jul 30 17:45:37 +0000 2013,,"<a href=""http://twitter.com/download/iphone"" rel=""nofollow"">Twitter for iPhone</a>"
1398419046626910211,godfrey_G_,935446829730291717,Fri May 28 23:20:56 +0000 2021,"RT @TrendingNews_7: Deployment of #MachineLearning Models in Production with #Python Code https://t.co/nZ5YXNpa8R

#BigData #Analytics #Dat‚Ä¶","['MachineLearning', 'Python', 'BigData', 'Analytics']",http://pbs.twimg.com/profile_images/1331728812300767233/vplJ5zhZ_normal.jpg,0,"Johannesburg, South Africa",0,False,2030,Tue Nov 28 09:54:38 +0000 2017,,"<a href=""https://mybot.twitter.com"" rel=""nofollow"">AiSpaceBot</a>"
1398419049508376580,RobOttoBots,1381744487358078979,Fri May 28 23:20:57 +0000 2021,"RT @Sheraj99: The Hacker's Way Lang, #Jupyter Notebook: #Mathematics for #DataScience. #BigData #Analytics #AI #MachineLearning #IoT #IIoT‚Ä¶","['Jupyter', 'Mathematics', 'DataScience', 'BigData', 'Analytics', 'AI', 'MachineLearning', 'IoT', 'IIoT']",http://pbs.twimg.com/profile_images/1381744739876175878/g88W9wp-_normal.jpg,0,The Internets,0,False,338,Mon Apr 12 23:02:48 +0000 2021,,"<a href=""https://help.twitter.com/en/using-twitter/how-to-tweet#source-labels"" rel=""nofollow"">Rob Otto Bot Twitter</a>"
1398419052754833408,Emilyonaire__,2288923564,Fri May 28 23:20:58 +0000 2021,RT @humble: Python is a world-renowned programming language used to make tasks more efficient! Once you start looking you'll see that there‚Ä¶,[],http://pbs.twimg.com/profile_images/1262972745958260737/tPwzppOA_normal.jpg,0,,0,False,46,Fri Jan 17 23:57:37 +0000 2014,,"<a href=""https://mobile.twitter.com"" rel=""nofollow"">Twitter Web App</a>"
1398419085382193155,richardkimphd,140618811,Fri May 28 23:21:05 +0000 2021,"RT @TrendingNews_7: Deployment of #MachineLearning Models in Production with #Python Code https://t.co/nZ5YXNpa8R

#BigData #Analytics #Dat‚Ä¶","['MachineLearning', 'Python', 'BigData', 'Analytics']",http://pbs.twimg.com/profile_images/1342402165189439488/d9vYyh3z_normal.jpg,0,"Ulsan, South Korea üá∞üá∑",0,False,2788,Thu May 06 00:20:48 +0000 2010,,"<a href=""http://bknc.kr"" rel=""nofollow"">shem0304</a>"
1398419093016006659,BotRaj1,1260015280048222208,Fri May 28 23:21:07 +0000 2021,"RT @byLilyV: #FEATURED #COURSES
Complete #Python #Developer in 2021: Zero to Mastery
How to become a #Python3 Developer and get hired
Build‚Ä¶","['FEATURED', 'COURSES', 'Python', 'Developer', 'Python3']",http://pbs.twimg.com/profile_images/1298179046149255170/2pOFz0EL_normal.jpg,0,,0,False,372,Tue May 12 01:15:47 +0000 2020,,"<a href=""https://twitter.com/BotRaj1"" rel=""nofollow"">PM Softwares</a>"
1398419094265806848,pay_examhelp,1176453755786715136,Fri May 28 23:21:08 +0000 2021,"Pay academic experts to help you in;
#Essay
#Summer class
#Exam
#Project
#Book review
#Tests
#econometrics‚Ä¶ https://t.co/OLxnRXx3im","['Essay', 'Summer', 'Exam', 'Project', 'Book', 'Tests', 'econometrics']",http://pbs.twimg.com/profile_images/1392262729080180738/PL8IDXzu_normal.jpg,0,"California, USA",0,False,274,Tue Sep 24 11:10:36 +0000 2019,,"<a href=""http://twitter.com/download/android"" rel=""nofollow"">Twitter for Android</a>"
1398419095867981824,godfrey_G_,935446829730291717,Fri May 28 23:21:08 +0000 2021,"RT @IainLJBrown: Dogtown Media Featured as a 2021 Artificial Intelligence Tech Development Leader by Clutch Research - WFMZ Allentown

Read‚Ä¶",[],http://pbs.twimg.com/profile_images/1331728812300767233/vplJ5zhZ_normal.jpg,0,"Johannesburg, South Africa",0,False,2030,Tue Nov 28 09:54:38 +0000 2017,,"<a href=""https://mybot.twitter.com"" rel=""nofollow"">AiSpaceBot</a>"
1398419098237902855,godfrey_G_,935446829730291717,Fri May 28 23:21:09 +0000 2021,"RT @IainLJBrown: Michelob Ultra spoofs artificial intelligence to spotlight real ingredients in hard seltzer - Marketing Dive

Read more he‚Ä¶",[],http://pbs.twimg.com/profile_images/1331728812300767233/vplJ5zhZ_normal.jpg,0,"Johannesburg, South Africa",0,False,2030,Tue Nov 28 09:54:38 +0000 2017,,"<a href=""https://mybot.twitter.com"" rel=""nofollow"">AiSpaceBot</a>"
1398419100259524608,godfrey_G_,935446829730291717,Fri May 28 23:21:09 +0000 2021,"RT @IainLJBrown: Acoustic Quality Control with the Help of Artificial Intelligence - Innovation Origins

Read more here: https://t.co/yVhZa‚Ä¶",[],http://pbs.twimg.com/profile_images/1331728812300767233/vplJ5zhZ_normal.jpg,0,"Johannesburg, South Africa",0,False,2030,Tue Nov 28 09:54:38 +0000 2017,,"<a href=""https://mybot.twitter.com"" rel=""nofollow"">AiSpaceBot</a>"
1398419102281129987,essay_maestro,1250241709822423041,Fri May 28 23:21:10 +0000 2021,"We offer best academic services,  avoid last minute rush
#Paper pay 
#Case study
#python
#Onlineclass take‚Ä¶ https://t.co/U83yXwNmnr","['Paper', 'Case', 'python', 'Onlineclass']",http://pbs.twimg.com/profile_images/1331755901519355904/dtt3gHeb_normal.jpg,0,"New York, NY",0,False,407,Wed Apr 15 01:57:19 +0000 2020,,"<a href=""https://mobile.twitter.com"" rel=""nofollow"">Twitter Web App</a>"
1398419104579661824,godfrey_G_,935446829730291717,Fri May 28 23:21:10 +0000 2021,"RT @IainLJBrown: The Impact of Artificial Intelligence on the IC ‚Äì The Cipher Brief - The Cipher Brief

Read more here: https://t.co/3gM3Us‚Ä¶",[],http://pbs.twimg.com/profile_images/1331728812300767233/vplJ5zhZ_normal.jpg,0,"Johannesburg, South Africa",0,False,2030,Tue Nov 28 09:54:38 +0000 2017,,"<a href=""https://mybot.twitter.com"" rel=""nofollow"">AiSpaceBot</a>"
1398419106437767170,godfrey_G_,935446829730291717,Fri May 28 23:21:11 +0000 2021,"RT @IainLJBrown: Artificial intelligence can help spot traces of natural selection - Imperial College London

Read more here: https://t.co/‚Ä¶",[],http://pbs.twimg.com/profile_images/1331728812300767233/vplJ5zhZ_normal.jpg,0,"Johannesburg, South Africa",0,False,2030,Tue Nov 28 09:54:38 +0000 2017,,"<a href=""https://mybot.twitter.com"" rel=""nofollow"">AiSpaceBot</a>"
1398419107876413441,aProgrammerBot,1330350611796209666,Fri May 28 23:21:11 +0000 2021,"RT @TrendingNews_7: Deployment of #MachineLearning Models in Production with #Python Code https://t.co/nZ5YXNpa8R

#BigData #Analytics #Dat‚Ä¶","['MachineLearning', 'Python', 'BigData', 'Analytics']",http://pbs.twimg.com/profile_images/1364039854682558467/Z98f0cUL_normal.jpg,0,,0,False,819,Sun Nov 22 03:22:36 +0000 2020,,"<a href=""https://help.twitter.com/en/using-twitter/how-to-tweet#source-labels"" rel=""nofollow"">Rosetta App</a>"
1398419108937469952,godfrey_G_,935446829730291717,Fri May 28 23:21:11 +0000 2021,"RT @IainLJBrown: How to Power Your Hospital with Artificial Intelligence in Medical Imaging - PRNewswire

Read more here: https://t.co/irPO‚Ä¶",[],http://pbs.twimg.com/profile_images/1331728812300767233/vplJ5zhZ_normal.jpg,0,"Johannesburg, South Africa",0,False,2030,Tue Nov 28 09:54:38 +0000 2017,,"<a href=""https://mybot.twitter.com"" rel=""nofollow"">AiSpaceBot</a>"
1398419110988505093,godfrey_G_,935446829730291717,Fri May 28 23:21:12 +0000 2021,"RT @IainLJBrown: We Use Artificial Intelligence In Our Online Searches, Why Not Use It To Fight Florida's Invasive Plants? - WLRN

Read mor‚Ä¶",[],http://pbs.twimg.com/profile_images/1331728812300767233/vplJ5zhZ_normal.jpg,0,"Johannesburg, South Africa",0,False,2030,Tue Nov 28 09:54:38 +0000 2017,,"<a href=""https://mybot.twitter.com"" rel=""nofollow"">AiSpaceBot</a>"
1398419112712454144,godfrey_G_,935446829730291717,Fri May 28 23:21:12 +0000 2021,RT @IainLJBrown: Mussel sensors pave the way for new environmental monitoring tools #ArtificialIntelligence #AI #DataScience #100DaysOfCode‚Ä¶,"['ArtificialIntelligence', 'AI', 'DataScience', '100DaysOfCode']",http://pbs.twimg.com/profile_images/1331728812300767233/vplJ5zhZ_normal.jpg,0,"Johannesburg, South Africa",0,False,2030,Tue Nov 28 09:54:38 +0000 2017,,"<a href=""https://mybot.twitter.com"" rel=""nofollow"">AiSpaceBot</a>"
1398419114536865792,godfrey_G_,935446829730291717,Fri May 28 23:21:12 +0000 2021,RT @IainLJBrown: Sonoma County invests in artificial intelligent technology | Press Releases | County Administrator's Office - County of So‚Ä¶,[],http://pbs.twimg.com/profile_images/1331728812300767233/vplJ5zhZ_normal.jpg,0,"Johannesburg, South Africa",0,False,2030,Tue Nov 28 09:54:38 +0000 2017,,"<a href=""https://mybot.twitter.com"" rel=""nofollow"">AiSpaceBot</a>"
1398419118295076867,TheCuriousLuke,1064108650271309826,Fri May 28 23:21:13 +0000 2021,"RT @IainLJBrown: How to Power Your Hospital with Artificial Intelligence in Medical Imaging - PRNewswire

Read more here: https://t.co/irPO‚Ä¶",[],http://pbs.twimg.com/profile_images/1146772070547841024/u1aKb70M_normal.jpg,0,Switzerland,0,False,6316,Sun Nov 18 10:50:47 +0000 2018,,"<a href=""https://curiousluke.com"" rel=""nofollow"">RTML</a>"
1398419118320140292,godfrey_G_,935446829730291717,Fri May 28 23:21:13 +0000 2021,"RT @IainLJBrown: US spy agencies warn of 'unstable world' due to bitcoin, artificial intelligence - Mint

Read more here: https://t.co/Tdt2‚Ä¶",[],http://pbs.twimg.com/profile_images/1331728812300767233/vplJ5zhZ_normal.jpg,0,"Johannesburg, South Africa",0,False,2030,Tue Nov 28 09:54:38 +0000 2017,,"<a href=""https://mybot.twitter.com"" rel=""nofollow"">AiSpaceBot</a>"
1398419121294000130,godfrey_G_,935446829730291717,Fri May 28 23:21:14 +0000 2021,"RT @IainLJBrown: Artificial intelligence could sway your dating and voting preferences - Cosmos

Read more here: https://t.co/6LNgsvrUWu

#‚Ä¶",[],http://pbs.twimg.com/profile_images/1331728812300767233/vplJ5zhZ_normal.jpg,0,"Johannesburg, South Africa",0,False,2030,Tue Nov 28 09:54:38 +0000 2017,,"<a href=""https://mybot.twitter.com"" rel=""nofollow"">AiSpaceBot</a>"
1398419122946547723,godfrey_G_,935446829730291717,Fri May 28 23:21:14 +0000 2021,RT @IainLJBrown: Honeybees find their queen by carrying out a cascade of scenting behaviors #ArtificialIntelligence #AI #DataScience #100Da‚Ä¶,"['ArtificialIntelligence', 'AI', 'DataScience']",http://pbs.twimg.com/profile_images/1331728812300767233/vplJ5zhZ_normal.jpg,0,"Johannesburg, South Africa",0,False,2030,Tue Nov 28 09:54:38 +0000 2017,,"<a href=""https://mybot.twitter.com"" rel=""nofollow"">AiSpaceBot</a>"
1398419125052088321,godfrey_G_,935446829730291717,Fri May 28 23:21:15 +0000 2021,"RT @IainLJBrown: Facebook unveils AI model to mix up cancer-curing cocktails with existing drugs - FierceBiotech

Read more here: https://t‚Ä¶",[],http://pbs.twimg.com/profile_images/1331728812300767233/vplJ5zhZ_normal.jpg,0,"Johannesburg, South Africa",0,False,2030,Tue Nov 28 09:54:38 +0000 2017,,"<a href=""https://mybot.twitter.com"" rel=""nofollow"">AiSpaceBot</a>"
1398419127090417670,godfrey_G_,935446829730291717,Fri May 28 23:21:15 +0000 2021,"RT @IainLJBrown: AI has a part to play in future sustainability. 18% of homes with smart robots by 2030 

DAY1 #HAS2021

#ArtificialIntelli‚Ä¶",['HAS2021'],http://pbs.twimg.com/profile_images/1331728812300767233/vplJ5zhZ_normal.jpg,0,"Johannesburg, South Africa",0,False,2030,Tue Nov 28 09:54:38 +0000 2017,,"<a href=""https://mybot.twitter.com"" rel=""nofollow"">AiSpaceBot</a>"
1398419129355456521,godfrey_G_,935446829730291717,Fri May 28 23:21:16 +0000 2021,"RT @IainLJBrown: Artificial Intelligence Needs A Humanitarian Outlook. Here's Why! - Analytics Insight

Read more here: https://t.co/wTHIUC‚Ä¶",[],http://pbs.twimg.com/profile_images/1331728812300767233/vplJ5zhZ_normal.jpg,0,"Johannesburg, South Africa",0,False,2030,Tue Nov 28 09:54:38 +0000 2017,,"<a href=""https://mybot.twitter.com"" rel=""nofollow"">AiSpaceBot</a>"
1398419131423244291,godfrey_G_,935446829730291717,Fri May 28 23:21:16 +0000 2021,"RT @IainLJBrown: Artificial Intelligence Enhances Preventive Care, Telehealth #ArtificialIntelligence #AI #DataScience #100DaysOfCode #Pyth‚Ä¶","['ArtificialIntelligence', 'AI', 'DataScience', '100DaysOfCode']",http://pbs.twimg.com/profile_images/1331728812300767233/vplJ5zhZ_normal.jpg,0,"Johannesburg, South Africa",0,False,2030,Tue Nov 28 09:54:38 +0000 2017,,"<a href=""https://mybot.twitter.com"" rel=""nofollow"">AiSpaceBot</a>"
1398419141674086404,AzureTweetbot,1347471985287323648,Fri May 28 23:21:19 +0000 2021,"RT @africanaffairs: Now playing on African Affairs Radio: fall by davido! 
Tune in now: https://t.co/4PJNyYARst
https://t.co/vPWVVJEfq7
#cl‚Ä¶",[],http://pbs.twimg.com/profile_images/1347472210630422528/Tv1nIwFl_normal.jpg,0,,0,False,113,Fri Jan 08 09:15:41 +0000 2021,,"<a href=""http://azure.microsoft.com/en-us/services/app-service/logic/"" rel=""nofollow"">Microsoft Azure Logic Apps</a>"
1398419145520263168,Bob_gamedev,1327015921538510850,Fri May 28 23:21:20 +0000 2021,"RT @IainLJBrown: Artificial Intelligence Enhances Preventive Care, Telehealth #ArtificialIntelligence #AI #DataScience #100DaysOfCode #Pyth‚Ä¶","['ArtificialIntelligence', 'AI', 'DataScience', '100DaysOfCode']",http://pbs.twimg.com/profile_images/1327016888413675525/ZYpEOt18_normal.jpg,0,,0,False,635,Thu Nov 12 22:30:42 +0000 2020,,"<a href=""https://help.twitter.com/en/using-twitter/how-to-tweet#source-labels"" rel=""nofollow"">BobtweetBot</a>"
1398419151912280064,vishey68,128926659,Fri May 28 23:21:21 +0000 2021,"RT @MSFTReactor: Every coding language and framework is essential in the tool belt of the learning developer üß∞

From JavaScript and .NET to‚Ä¶",[],http://abs.twimg.com/sticky/default_profile_images/default_profile_normal.png,0,,0,False,7,Fri Apr 02 16:41:52 +0000 2010,,"<a href=""https://mobile.twitter.com"" rel=""nofollow"">Twitter Web App</a>"
1398419163534798848,mcmullarkey,122614083,Fri May 28 23:21:24 +0000 2021,RT @kierisi: are you streaming data science-related content on Twitch? drop your channel + a brief description so we can start sharing your‚Ä¶,[],http://pbs.twimg.com/profile_images/1168641751365705728/cTkllTAb_normal.jpg,0,,0,False,2559,Sat Mar 13 08:52:18 +0000 2010,,"<a href=""http://twitter.com/download/android"" rel=""nofollow"">Twitter for Android</a>"
1398419178445578246,godfrey_G_,935446829730291717,Fri May 28 23:21:28 +0000 2021,"RT @IainLJBrown: Artificial intelligence: a new generation of drug discovery companies - https://t.co/cXVmA5k7Ap

Read more here: https://t‚Ä¶",[],http://pbs.twimg.com/profile_images/1331728812300767233/vplJ5zhZ_normal.jpg,0,"Johannesburg, South Africa",0,False,2030,Tue Nov 28 09:54:38 +0000 2017,,"<a href=""https://mybot.twitter.com"" rel=""nofollow"">AiSpaceBot</a>"
1398419180408422409,godfrey_G_,935446829730291717,Fri May 28 23:21:28 +0000 2021,"RT @cursortek: CursorTek is #selling #bulk #data of 3k plus #categories like:

#Landscaping #Lawyers #Laundry #DayCare #ChildCare #Building‚Ä¶","['selling', 'bulk', 'data', 'categories', 'Landscaping', 'Lawyers', 'Laundry', 'DayCare', 'ChildCare', 'Building']",http://pbs.twimg.com/profile_images/1331728812300767233/vplJ5zhZ_normal.jpg,0,"Johannesburg, South Africa",0,False,2030,Tue Nov 28 09:54:38 +0000 2017,,"<a href=""https://mybot.twitter.com"" rel=""nofollow"">AiSpaceBot</a>"
1398419193545043975,godfrey_G_,935446829730291717,Fri May 28 23:21:31 +0000 2021,"RT @IainLJBrown: Travel Is Coming Back, and Artificial Intelligence May Be Planning Your Next Flight - TIME

Read more here: https://t.co/Q‚Ä¶",[],http://pbs.twimg.com/profile_images/1331728812300767233/vplJ5zhZ_normal.jpg,0,"Johannesburg, South Africa",0,False,2030,Tue Nov 28 09:54:38 +0000 2017,,"<a href=""https://mybot.twitter.com"" rel=""nofollow"">AiSpaceBot</a>"
1398419195788943363,godfrey_G_,935446829730291717,Fri May 28 23:21:32 +0000 2021,"RT @IainLJBrown: Argonne researchers using artificial intelligence to shape the future of science - Newswise

Read more here: https://t.co/‚Ä¶",[],http://pbs.twimg.com/profile_images/1331728812300767233/vplJ5zhZ_normal.jpg,0,"Johannesburg, South Africa",0,False,2030,Tue Nov 28 09:54:38 +0000 2017,,"<a href=""https://mybot.twitter.com"" rel=""nofollow"">AiSpaceBot</a>"
1398419198011969543,godfrey_G_,935446829730291717,Fri May 28 23:21:32 +0000 2021,"RT @Wajdialkayal1: LOOK #FOR 
#Analytics #BigData #Rstats #AI #Reactjs #Python #DataScience #Python #MachineLearning #IoT  #flutter #javasc‚Ä¶","['FOR', 'Analytics', 'BigData', 'Rstats', 'AI', 'Reactjs', 'Python', 'DataScience', 'Python', 'MachineLearning', 'IoT', 'flutter']",http://pbs.twimg.com/profile_images/1331728812300767233/vplJ5zhZ_normal.jpg,0,"Johannesburg, South Africa",0,False,2030,Tue Nov 28 09:54:38 +0000 2017,,"<a href=""https://mybot.twitter.com"" rel=""nofollow"">AiSpaceBot</a>"
1398419201463828481,godfrey_G_,935446829730291717,Fri May 28 23:21:33 +0000 2021,"RT @IainLJBrown: Travel Is Coming Back, and Artificial Intelligence May Be Planning Your Next Flight - TIME

Read more here: https://t.co/F‚Ä¶",[],http://pbs.twimg.com/profile_images/1331728812300767233/vplJ5zhZ_normal.jpg,0,"Johannesburg, South Africa",0,False,2030,Tue Nov 28 09:54:38 +0000 2017,,"<a href=""https://mybot.twitter.com"" rel=""nofollow"">AiSpaceBot</a>"
1398419204248899593,godfrey_G_,935446829730291717,Fri May 28 23:21:34 +0000 2021,"RT @IainLJBrown: European Union is Ready to Put a Leash on Artificial Intelligence - Analytics Insight

Read more here: https://t.co/ndiUxN‚Ä¶",[],http://pbs.twimg.com/profile_images/1331728812300767233/vplJ5zhZ_normal.jpg,0,"Johannesburg, South Africa",0,False,2030,Tue Nov 28 09:54:38 +0000 2017,,"<a href=""https://mybot.twitter.com"" rel=""nofollow"">AiSpaceBot</a>"
1398419206060843009,godfrey_G_,935446829730291717,Fri May 28 23:21:34 +0000 2021,"RT @IainLJBrown: Google Develops Health App Using Artificial Intelligence - CBS Baltimore

Read more here: https://t.co/HURbHEgzpC

#Artifi‚Ä¶",[],http://pbs.twimg.com/profile_images/1331728812300767233/vplJ5zhZ_normal.jpg,0,"Johannesburg, South Africa",0,False,2030,Tue Nov 28 09:54:38 +0000 2017,,"<a href=""https://mybot.twitter.com"" rel=""nofollow"">AiSpaceBot</a>"
1398419208640163845,godfrey_G_,935446829730291717,Fri May 28 23:21:35 +0000 2021,"RT @IainLJBrown: Five best practice for driving value from artificial intelligence - https://t.co/xY3pC70vcR

Read more here: https://t.co/‚Ä¶",[],http://pbs.twimg.com/profile_images/1331728812300767233/vplJ5zhZ_normal.jpg,0,"Johannesburg, South Africa",0,False,2030,Tue Nov 28 09:54:38 +0000 2017,,"<a href=""https://mybot.twitter.com"" rel=""nofollow"">AiSpaceBot</a>"
1398419212880723969,godfrey_G_,935446829730291717,Fri May 28 23:21:36 +0000 2021,"RT @IainLJBrown: Neteera CEO on using artificial intelligence to change healthcare - CNBC

Read more here: https://t.co/ZHJksTF5FZ

#Artifi‚Ä¶",[],http://pbs.twimg.com/profile_images/1331728812300767233/vplJ5zhZ_normal.jpg,0,"Johannesburg, South Africa",0,False,2030,Tue Nov 28 09:54:38 +0000 2017,,"<a href=""https://mybot.twitter.com"" rel=""nofollow"">AiSpaceBot</a>"
1398419217360330753,godfrey_G_,935446829730291717,Fri May 28 23:21:37 +0000 2021,"RT @IainLJBrown: Tesla aspires to become a robotics firm in Artificial Intelligence - Entrepreneur

Read more here: https://t.co/XlM4fyFWv7‚Ä¶",[],http://pbs.twimg.com/profile_images/1331728812300767233/vplJ5zhZ_normal.jpg,0,"Johannesburg, South Africa",0,False,2030,Tue Nov 28 09:54:38 +0000 2017,,"<a href=""https://mybot.twitter.com"" rel=""nofollow"">AiSpaceBot</a>"
1398419221776846852,godfrey_G_,935446829730291717,Fri May 28 23:21:38 +0000 2021,"RT @IainLJBrown: SensoRy AI Seeks to Protect the Environment Using Artificial Intelligence - GlobeNewswire

Read more here: https://t.co/KX‚Ä¶",[],http://pbs.twimg.com/profile_images/1331728812300767233/vplJ5zhZ_normal.jpg,0,"Johannesburg, South Africa",0,False,2030,Tue Nov 28 09:54:38 +0000 2017,,"<a href=""https://mybot.twitter.com"" rel=""nofollow"">AiSpaceBot</a>"
1398419222762377223,__phpJobs__,1028146022373937152,Fri May 28 23:21:38 +0000 2021,"ALTA IT Services is hiring: Cloud Solutions Engineer (AWS/ Docker) 100% Remote [Bethesda, MD]‚Ä¶ https://t.co/Os8bbgiHHJ",[],http://pbs.twimg.com/profile_images/1028149320518791169/vnS2Qf7I_normal.jpg,0,Remote,0,False,358,Sat Aug 11 05:08:08 +0000 2018,,"<a href=""https://www.phpjobs.app"" rel=""nofollow"">phpJobs</a>"
1398419227577626627,godfrey_G_,935446829730291717,Fri May 28 23:21:39 +0000 2021,"RT @IainLJBrown: Using Artificial Intelligence in Administrative Agencies - The Regulatory Review

Read more here: https://t.co/MfJXxDRi5M‚Ä¶",[],http://pbs.twimg.com/profile_images/1331728812300767233/vplJ5zhZ_normal.jpg,0,"Johannesburg, South Africa",0,False,2030,Tue Nov 28 09:54:38 +0000 2017,,"<a href=""https://mybot.twitter.com"" rel=""nofollow"">AiSpaceBot</a>"
1398419236733792265,godfrey_G_,935446829730291717,Fri May 28 23:21:42 +0000 2021,RT @IainLJBrown: Artificial Intelligence: The Commission's Regulation Proposal And AI Strategy In Luxembourg - Technology - Luxembourg - Mo‚Ä¶,[],http://pbs.twimg.com/profile_images/1331728812300767233/vplJ5zhZ_normal.jpg,0,"Johannesburg, South Africa",0,False,2030,Tue Nov 28 09:54:38 +0000 2017,,"<a href=""https://mybot.twitter.com"" rel=""nofollow"">AiSpaceBot</a>"
1398419240768712706,godfrey_G_,935446829730291717,Fri May 28 23:21:43 +0000 2021,RT @IainLJBrown: Machine learning platform identifies activated neurons in real-time #ArtificialIntelligence #AI #DataScience #100DaysOfCod‚Ä¶,"['ArtificialIntelligence', 'AI', 'DataScience']",http://pbs.twimg.com/profile_images/1331728812300767233/vplJ5zhZ_normal.jpg,0,"Johannesburg, South Africa",0,False,2030,Tue Nov 28 09:54:38 +0000 2017,,"<a href=""https://mybot.twitter.com"" rel=""nofollow"">AiSpaceBot</a>"
1398419244535123969,godfrey_G_,935446829730291717,Fri May 28 23:21:43 +0000 2021,"RT @IainLJBrown: Here's a great toolkit for Artificial Intelligence (AI) governance within your organisation - Lexology

Read more here: ht‚Ä¶",[],http://pbs.twimg.com/profile_images/1331728812300767233/vplJ5zhZ_normal.jpg,0,"Johannesburg, South Africa",0,False,2030,Tue Nov 28 09:54:38 +0000 2017,,"<a href=""https://mybot.twitter.com"" rel=""nofollow"">AiSpaceBot</a>"
1398419247253147649,godfrey_G_,935446829730291717,Fri May 28 23:21:44 +0000 2021,"RT @WajdiAlkayal: LOOK #FOR 
#Analytics #BigData #Rstats #AI #Reactjs #Python #DataScience #Python #MachineLearning #IoT #ML #javascript #T‚Ä¶","['FOR', 'Analytics', 'BigData', 'Rstats', 'AI', 'Reactjs', 'Python', 'DataScience', 'Python', 'MachineLearning', 'IoT', 'ML', 'javascript']",http://pbs.twimg.com/profile_images/1331728812300767233/vplJ5zhZ_normal.jpg,0,"Johannesburg, South Africa",0,False,2030,Tue Nov 28 09:54:38 +0000 2017,,"<a href=""https://mybot.twitter.com"" rel=""nofollow"">AiSpaceBot</a>"
1398419250474229762,bexxmodd,3532655353,Fri May 28 23:21:45 +0000 2021,"RT @IainLJBrown: Using Artificial Intelligence in Administrative Agencies - The Regulatory Review

Read more here: https://t.co/MfJXxDRi5M‚Ä¶",[],http://pbs.twimg.com/profile_images/1334906847883644935/qmGBCd6b_normal.jpg,0,"Maryland, USA",0,False,8544,Sat Sep 12 01:17:13 +0000 2015,,"<a href=""https://github.com/bexxmodd"" rel=""nofollow"">BexxPersonalBot</a>"
1398419300805918723,GradesQuality,1376260368952098827,Fri May 28 23:21:57 +0000 2021,"We offer best academic services,  avoid last minute rush
#Paper pay 
#Case study
#python
#Onlineclass take‚Ä¶ https://t.co/kPyCWrEnvI","['Paper', 'Case', 'python', 'Onlineclass']",http://pbs.twimg.com/profile_images/1376260710787915776/qmZfoEkv_normal.jpg,0,,0,False,673,Sun Mar 28 19:50:37 +0000 2021,,"<a href=""http://twitter.com/download/android"" rel=""nofollow"">Twitter for Android</a>"
1398419300814409742,godfrey_G_,935446829730291717,Fri May 28 23:21:57 +0000 2021,"RT @pyconindia: üö® CFP for talks and workshops closes tomorrow. üö®
‚è≥ If you're still writing ‚úçÔ∏è your proposals, don't forget to submit it bef‚Ä¶",[],http://pbs.twimg.com/profile_images/1331728812300767233/vplJ5zhZ_normal.jpg,0,"Johannesburg, South Africa",0,False,2030,Tue Nov 28 09:54:38 +0000 2017,,"<a href=""https://mybot.twitter.com"" rel=""nofollow"">AiSpaceBot</a>"
1398419325036515335,e_nterdiscipl,975452621522853890,Fri May 28 23:22:03 +0000 2021,"RT @Sheraj99: The Hacker's Way Lang, #Jupyter Notebook: #Mathematics for #DataScience. #BigData #Analytics #AI #MachineLearning #IoT #IIoT‚Ä¶","['Jupyter', 'Mathematics', 'DataScience', 'BigData', 'Analytics', 'AI', 'MachineLearning', 'IoT', 'IIoT']",http://pbs.twimg.com/profile_images/975455769285013516/v9woXI7E_normal.jpg,0,,0,False,2973,Sun Mar 18 19:23:22 +0000 2018,,"<a href=""http://interdiscipl.org"" rel=""nofollow"">inter discipl</a>"
1398419365440200704,help_class4,1392223780597080068,Fri May 28 23:22:12 +0000 2021,"Pay academic experts to help you in;
#Essay
#Summer class
#Exam
#Project
#Book review
#Tests
#econometrics‚Ä¶ https://t.co/glK2AkhASz","['Essay', 'Summer', 'Exam', 'Project', 'Book', 'Tests', 'econometrics']",http://pbs.twimg.com/profile_images/1392231546707451909/i161Wi90_normal.jpg,0,"California, USA",0,False,5,Tue May 11 21:03:43 +0000 2021,,"<a href=""http://twitter.com/download/android"" rel=""nofollow"">Twitter for Android</a>"
1398419376165031936,i_que1,1157508668285431808,Fri May 28 23:22:15 +0000 2021,"RT @LXRYAPPVREL_: #Week9 Python Backpack üêç 

#WeeklyDrops
#LXRY
https://t.co/4cytI6HDvY https://t.co/Jw7t12WWSt","['Week9', 'WeeklyDrops', 'LXRY']",http://pbs.twimg.com/profile_images/1395474685815672835/rxTUxl-2_normal.jpg,0,Turn on notifications.,0,False,80620,Sat Aug 03 04:29:06 +0000 2019,,"<a href=""http://twitter.com/download/android"" rel=""nofollow"">Twitter for Android</a>"
1398419376815046663,CoderNotesBot,842956176958476289,Fri May 28 23:22:15 +0000 2021,"RT @essay_maestro: We offer best academic services,  avoid last minute rush
#Paper pay 
#Case study
#python
#Onlineclass take
#Essaypay
#10‚Ä¶","['Paper', 'Case', 'python', 'Onlineclass', 'Essaypay']",http://pbs.twimg.com/profile_images/849166849950568448/Zb0nWTNN_normal.jpg,0,codeanywhere.com,0,False,8760,Sat Mar 18 04:29:48 +0000 2017,,"<a href=""https://100daysofcode.com"" rel=""nofollow"">30days30sites</a>"
1398419379583438851,ULBeowulf,895816297862373376,Fri May 28 23:22:16 +0000 2021,"Ok let me do this python programming exercise so I can finish it ahead of time.
*Runs into first problem in the fir‚Ä¶ https://t.co/vGfrq4EjC0",[],http://pbs.twimg.com/profile_images/1355661835870072836/IhmXWffv_normal.jpg,0,Brazilian Wetlands,0,False,1705,Fri Aug 11 01:17:03 +0000 2017,,"<a href=""http://twitter.com/download/android"" rel=""nofollow"">Twitter for Android</a>"
1398419394989002754,BotRaj1,1260015280048222208,Fri May 28 23:22:19 +0000 2021,"RT @IainLJBrown: Using Artificial Intelligence in Administrative Agencies - The Regulatory Review

Read more here: https://t.co/MfJXxDRi5M‚Ä¶",[],http://pbs.twimg.com/profile_images/1298179046149255170/2pOFz0EL_normal.jpg,0,,0,False,372,Tue May 12 01:15:47 +0000 2020,,"<a href=""https://twitter.com/BotRaj1"" rel=""nofollow"">PM Softwares</a>"
1398419425607438339,DFremontGameDev,873278312499617794,Fri May 28 23:22:27 +0000 2021,"Using Python in Blender, exporting object to 2D sprites.
Save me a lot of time!

https://t.co/Nd1GXQS4U3‚Ä¶ https://t.co/lC5E2ts0Sg",[],http://pbs.twimg.com/profile_images/1123622304259485697/FS7qfMoJ_normal.png,0,"Paris, France",0,False,2359,Fri Jun 09 20:39:09 +0000 2017,,"<a href=""https://help.twitter.com/en/using-twitter/how-to-tweet#source-labels"" rel=""nofollow"">DFremontGameDev</a>"
1398419447765946369,rasbt,865622395,Fri May 28 23:22:32 +0000 2021,RT @kjbird15: I just found this great tutorial on deepnote from Dr. Raschka.  This is a great example of bringing together all different le‚Ä¶,[],http://pbs.twimg.com/profile_images/1287228084853374976/urIZjGUK_normal.jpg,0,"Madison, Wisconsin",0,False,53780,Sun Oct 07 02:06:16 +0000 2012,,"<a href=""http://twitter.com/#!/download/ipad"" rel=""nofollow"">Twitter for iPad</a>"
1398419457480007681,JayChance5,747917675301572608,Fri May 28 23:22:34 +0000 2021,"RT @automeme: See how composite AI benefits retailers, doctors and bankers #ArtificialIntelligence #AI #DataScience #100DaysOfCode #Python‚Ä¶","['ArtificialIntelligence', 'AI', 'DataScience', '100DaysOfCode', 'Python']",http://pbs.twimg.com/profile_images/887135954867277824/QxNV4uXW_normal.jpg,0,Off Shore,0,False,581,Tue Jun 28 22:20:44 +0000 2016,,"<a href=""http://twitter.com/download/android"" rel=""nofollow"">Twitter for Android</a>"
1398419463029022724,help_class4,1392223780597080068,Fri May 28 23:22:36 +0000 2021,"Hire us to handle your technical papers 
#Paper
#python
#homeworkdue 
#chemistry
#Onlineclass
#Essaypay‚Ä¶ https://t.co/oHdyx2Z60h","['Paper', 'python', 'homeworkdue', 'chemistry', 'Onlineclass', 'Essaypay']",http://pbs.twimg.com/profile_images/1392231546707451909/i161Wi90_normal.jpg,0,"California, USA",0,False,5,Tue May 11 21:03:43 +0000 2021,,"<a href=""http://twitter.com/download/android"" rel=""nofollow"">Twitter for Android</a>"
1398419473464545287,gunnermattson,318861574,Fri May 28 23:22:38 +0000 2021,"@douggpound

great poundcast, as usual. but python got to this one before you! classic!

https://t.co/r97rPUl8Fg",[],http://pbs.twimg.com/profile_images/1028495567234711552/Clli4dvD_normal.jpg,0,minneapolis,0,False,197,Fri Jun 17 05:06:13 +0000 2011,,"<a href=""http://twitter.com/download/android"" rel=""nofollow"">Twitter for Android</a>"
1398419476098469888,bot_tensorflow,1319903481486950400,Fri May 28 23:22:39 +0000 2021,"RT @byLilyV: #FEATURED #COURSES

Machine Learning, Data Science and Deep Learning with Python

Complete hands-on #machine #learning tutoria‚Ä¶","['FEATURED', 'COURSES', 'machine', 'learning']",http://pbs.twimg.com/profile_images/1355063491481096195/U1goIMG__normal.png,0,,0,False,91,Sat Oct 24 07:28:32 +0000 2020,,"<a href=""https://help.twitter.com/en/using-twitter/how-to-tweet#source-labels"" rel=""nofollow"">TensorFlow RT Bot</a>"
1398419501805412354,bot_tensorflow,1319903481486950400,Fri May 28 23:22:45 +0000 2021,RT @Sheraj99: Neural Networks Backpropagation Made Easy. #BigData #Analytics #DataScience #AI #MachineLearning #IoT #IIoT #Python #RStats #‚Ä¶,"['BigData', 'Analytics', 'DataScience', 'AI', 'MachineLearning', 'IoT', 'IIoT', 'Python', 'RStats']",http://pbs.twimg.com/profile_images/1355063491481096195/U1goIMG__normal.png,0,,0,False,91,Sat Oct 24 07:28:32 +0000 2020,,"<a href=""https://help.twitter.com/en/using-twitter/how-to-tweet#source-labels"" rel=""nofollow"">TensorFlow RT Bot</a>"
1398419519123726337,bot_tensorflow,1319903481486950400,Fri May 28 23:22:49 +0000 2021,RT @Sheraj99: Best Deep Learning Books to Read in 2021. #BigData #Analytics #DataScience #IoT #IIoT #PyTorch #Python #RStats #TensorFlow #J‚Ä¶,"['BigData', 'Analytics', 'DataScience', 'IoT', 'IIoT', 'PyTorch', 'Python', 'RStats', 'TensorFlow']",http://pbs.twimg.com/profile_images/1355063491481096195/U1goIMG__normal.png,0,,0,False,91,Sat Oct 24 07:28:32 +0000 2020,,"<a href=""https://help.twitter.com/en/using-twitter/how-to-tweet#source-labels"" rel=""nofollow"">TensorFlow RT Bot</a>"
1398419532318973955,bot_tensorflow,1319903481486950400,Fri May 28 23:22:52 +0000 2021,RT @Sheraj99: #TensorFlow 1.x Deep Learning Cookbook. #BigData #Analytics #DataScience #AI #MachineLearning #IoT #IIoT #PyTorch #Python #RS‚Ä¶,"['TensorFlow', 'BigData', 'Analytics', 'DataScience', 'AI', 'MachineLearning', 'IoT', 'IIoT', 'PyTorch', 'Python']",http://pbs.twimg.com/profile_images/1355063491481096195/U1goIMG__normal.png,0,,0,False,91,Sat Oct 24 07:28:32 +0000 2020,,"<a href=""https://help.twitter.com/en/using-twitter/how-to-tweet#source-labels"" rel=""nofollow"">TensorFlow RT Bot</a>"
1398419541278007299,aProgrammerBot,1330350611796209666,Fri May 28 23:22:54 +0000 2021,RT @Sheraj99: Best Deep Learning Books to Read in 2021. #BigData #Analytics #DataScience #IoT #IIoT #PyTorch #Python #RStats #TensorFlow #J‚Ä¶,"['BigData', 'Analytics', 'DataScience', 'IoT', 'IIoT', 'PyTorch', 'Python', 'RStats', 'TensorFlow']",http://pbs.twimg.com/profile_images/1364039854682558467/Z98f0cUL_normal.jpg,0,,0,False,819,Sun Nov 22 03:22:36 +0000 2020,,"<a href=""https://help.twitter.com/en/using-twitter/how-to-tweet#source-labels"" rel=""nofollow"">Rosetta App</a>"
1398419546000838657,BotRaj1,1260015280048222208,Fri May 28 23:22:55 +0000 2021,"RT @essay_maestro: We offer best academic services,  avoid last minute rush
#Paper pay 
#Case study
#python
#Onlineclass take
#Essaypay
#10‚Ä¶","['Paper', 'Case', 'python', 'Onlineclass', 'Essaypay']",http://pbs.twimg.com/profile_images/1298179046149255170/2pOFz0EL_normal.jpg,0,,0,False,372,Tue May 12 01:15:47 +0000 2020,,"<a href=""https://twitter.com/BotRaj1"" rel=""nofollow"">PM Softwares</a>"
1398419555366707205,realrubberduck1,1243990473934622720,Fri May 28 23:22:58 +0000 2021,"RT @WajdiAlkayal: LOOK #FOR 
#Analytics #BigData #Rstats #AI #Reactjs #Python #DataScience #Python #MachineLearning #IoT #ML #javascript #T‚Ä¶","['FOR', 'Analytics', 'BigData', 'Rstats', 'AI', 'Reactjs', 'Python', 'DataScience', 'Python', 'MachineLearning', 'IoT', 'ML', 'javascript']",http://pbs.twimg.com/profile_images/1243999933541294080/7bYJWnHA_normal.png,0,,0,False,641,Sat Mar 28 19:57:31 +0000 2020,,"<a href=""http://azure.microsoft.com/en-us/services/app-service/logic/"" rel=""nofollow"">Microsoft Azure Logic Apps</a>"
1398419558575267840,Bob_gamedev,1327015921538510850,Fri May 28 23:22:58 +0000 2021,"RT @DFremontGameDev: Using Python in Blender, exporting object to 2D sprites.
Save me a lot of time!

https://t.co/Nd1GXQS4U3

#videogame #‚Ä¶",['videogame'],http://pbs.twimg.com/profile_images/1327016888413675525/ZYpEOt18_normal.jpg,0,,0,False,635,Thu Nov 12 22:30:42 +0000 2020,,"<a href=""https://help.twitter.com/en/using-twitter/how-to-tweet#source-labels"" rel=""nofollow"">BobtweetBot</a>"
1398419568905818115,Adetomilola__,1356252746140286976,Fri May 28 23:23:01 +0000 2021,"RT @emiko_dest: She swallowed that dick like a pythonüò±üò± No wonder they survive choking, Please vomit the dicküò™ü§≤ https://t.co/8tqYwE9mfC",[],http://pbs.twimg.com/profile_images/1385575188562055172/VvQXPuV8_normal.jpg,0,Canada plix,0,False,3680,Mon Feb 01 14:47:23 +0000 2021,,"<a href=""http://twitter.com/download/iphone"" rel=""nofollow"">Twitter for iPhone</a>"
1398419589055270915,TujyeKunywa,4820930547,Fri May 28 23:23:06 +0000 2021,"RT @pythonpro: Looking for a business partner (based in Rwanda)with knowledge in Python, Javascript &amp; Django. This is for an e-commerce pla‚Ä¶",[],http://pbs.twimg.com/profile_images/1178201475824140288/WewzXvhe_normal.jpg,0,United States,0,False,2382,Sun Jan 17 12:59:02 +0000 2016,,"<a href=""http://www.twitter.com"" rel=""nofollow"">Tujye kunywa</a>"
1400556908008857608,EGODCollector,1177344088464601088,Thu Jun 03 20:56:02 +0000 2021,RT @MattWallace888: @coinbase Coinbase is going to change the game for #Dogecoin. They will make it way easier to buy/sell using $Doge and‚Ä¶,['Dogecoin'],http://pbs.twimg.com/profile_images/1399356647752015880/MwooQq6U_normal.jpg,0,"Houston, TX",0,False,452,Thu Sep 26 22:08:11 +0000 2019,,"<a href=""http://twitter.com/download/iphone"" rel=""nofollow"">Twitter for iPhone</a>"
1400556908432564226,Zeyrox16062327,1380808577015808003,Thu Jun 03 20:56:02 +0000 2021,"RT @saiyaninu: Our first YouTube video is live!

Interview between @aaronmamuya and our developer Josh.¬†

Go watch it:¬†
https://t.co/Vhae95‚Ä¶",[],http://pbs.twimg.com/profile_images/1381501107021754369/4RLS-hGD_normal.jpg,0,,0,False,73,Sat Apr 10 09:03:39 +0000 2021,,"<a href=""http://twitter.com/download/iphone"" rel=""nofollow"">Twitter for iPhone</a>"
1400556910458380291,EsmatSamir3,1367160187677728769,Thu Jun 03 20:56:03 +0000 2021,"RT @InuXiasi: I'll give 50$ to one random person who RT and likes this + upvotes Xiasi Inu https://t.co/R4X1YrvuHB

#cryptocurrency 
#Binan‚Ä¶",['cryptocurrency'],http://pbs.twimg.com/profile_images/1371111440388657161/JdB6s4Yj_normal.jpg,0,,0,False,28,Wed Mar 03 17:09:46 +0000 2021,,"<a href=""http://twitter.com/download/android"" rel=""nofollow"">Twitter for Android</a>"
1400556913998188563,elystarsier,850700255234359296,Thu Jun 03 20:56:04 +0000 2021,"RT @StarCashBSC: We are giving away $500 worth of StarCA$H üéâ

1. Follow us here on Twitter.
2. Like &amp; Retweet this post.
3. Tag 3 friends o‚Ä¶",[],http://pbs.twimg.com/profile_images/1395517143551070210/kSxKdS-__normal.jpg,0,"Pochinki, Erangel",0,False,526,Sat Apr 08 13:22:00 +0000 2017,,"<a href=""http://twitter.com/download/iphone"" rel=""nofollow"">Twitter for iPhone</a>"
1400556915831177223,mrkhan123456789,3307901879,Thu Jun 03 20:56:04 +0000 2021,"@OKEx Excellent project, having great value in the Cryptocurrency. Maintain highly spirited and dedicated team of p‚Ä¶ https://t.co/qyXbf8tsaK",[],http://pbs.twimg.com/profile_images/1396740156464406536/G9RVgK_w_normal.jpg,0,,0,False,50,Thu Jun 04 07:12:11 +0000 2015,,"<a href=""http://twitter.com/download/android"" rel=""nofollow"">Twitter for Android</a>"
1400556916665815042,graphic_d,1315371083843862528,Thu Jun 03 20:56:04 +0000 2021,"Check out my Gig on Fiverr: I will design crypto, cryptocurrency token logo for coin in 2 hours https://t.co/C3Yk5gSeVA",[],http://pbs.twimg.com/profile_images/1315371490703896576/VjtpE88Z_normal.jpg,0,DHAKA-BANGLADESH,0,False,708,Sun Oct 11 19:18:57 +0000 2020,,"<a href=""https://mobile.twitter.com"" rel=""nofollow"">Twitter Web App</a>"
1400556918658134018,disha76689208,1364208608611688448,Thu Jun 03 20:56:05 +0000 2021,"RT @InuXiasi: I'll give 50$ to one random person who RT and likes this + upvotes Xiasi Inu https://t.co/R4X1YrvuHB

#cryptocurrency 
#Binan‚Ä¶",['cryptocurrency'],http://pbs.twimg.com/profile_images/1369892843364384769/2HWtx6me_normal.jpg,0,,0,False,3,Tue Feb 23 13:41:22 +0000 2021,,"<a href=""http://twitter.com/download/android"" rel=""nofollow"">Twitter for Android</a>"
1400556921086697475,AndesinLondon,132292058,Thu Jun 03 20:56:05 +0000 2021,"@ncweaver You make some good points but cryptocurrency is not ""at best, parimutuel gambling"". Knives can be used to‚Ä¶ https://t.co/qKtPu9ZNdd",[],http://pbs.twimg.com/profile_images/1388927588/Dawg2_normal.jpg,0,Happy to troll trolls,0,False,211,Mon Apr 12 20:58:27 +0000 2010,,"<a href=""https://mobile.twitter.com"" rel=""nofollow"">Twitter Web App</a>"
1400556926132363265,TamilP03999540,1382149095947526148,Thu Jun 03 20:56:06 +0000 2021,"RT @ICOAnnouncement: üéô New Featured Project 

üî∑ DuiCoin (DUI)

üî∂ DuiCoin is a hybrid cat and dog meme coin. DuiCoin aims at maximizing the‚Ä¶",[],http://pbs.twimg.com/profile_images/1382149322729426946/ILDo0zAk_normal.jpg,0,,0,False,1,Wed Apr 14 01:50:21 +0000 2021,,"<a href=""http://twitter.com/download/android"" rel=""nofollow"">Twitter for Android</a>"
1400556930972602369,methodyoga,114586407,Thu Jun 03 20:56:08 +0000 2021,"RT @CryptoPRx1: üïê60min Twitter Count
1 #BTC $BTC 182
2 #TEL $TEL 105
3 #SHIB $SHIB 73
4 #ADA $ADA 73
5 #SOL $SOL 62
6 #XTZ $XTZ 62
7 #FEG $‚Ä¶","['BTC', 'TEL', 'SHIB', 'ADA', 'SOL', 'XTZ', 'FEG']",http://pbs.twimg.com/profile_images/485813609428049920/Cspde_Fl_normal.jpeg,0,"San Francisco, CA",0,False,1184,Mon Feb 15 23:33:51 +0000 2010,,"<a href=""https://mobile.twitter.com"" rel=""nofollow"">Twitter Web App</a>"
1400556933442981888,Ashi46814607,1324282924171026433,Thu Jun 03 20:56:08 +0000 2021,promote this on https://t.co/fOp4JBzcUB,[],http://pbs.twimg.com/profile_images/1393079887972376581/F91lHb62_normal.jpg,0,,0,False,31,Thu Nov 05 09:30:57 +0000 2020,,"<a href=""http://twitter.com/download/android"" rel=""nofollow"">Twitter for Android</a>"
1400556936102178816,graphic_d,1315371083843862528,Thu Jun 03 20:56:09 +0000 2021,"Check out my Gig on Fiverr: I will design crypto, cryptocurrency animal logo for coin in 2hours https://t.co/xycEuGELvl",[],http://pbs.twimg.com/profile_images/1315371490703896576/VjtpE88Z_normal.jpg,0,DHAKA-BANGLADESH,0,False,708,Sun Oct 11 19:18:57 +0000 2020,,"<a href=""https://mobile.twitter.com"" rel=""nofollow"">Twitter Web App</a>"
1400556936324698115,hpsan2,1385713520608612353,Thu Jun 03 20:56:09 +0000 2021,"RT @daniel43497159: $MALLY has a strong community üå™

Do not miss it !

@malamutefinance 
https://t.co/xQjBKt9Onw
https://t.co/4AM51IWnKG

#‚Ä¶",[],http://pbs.twimg.com/profile_images/1387917070344589321/E1hcSdiL_normal.jpg,0,,0,False,37,Fri Apr 23 21:53:56 +0000 2021,,"<a href=""http://twitter.com/download/android"" rel=""nofollow"">Twitter for Android</a>"
1400556939654750214,Rand3636,1140937199061368833,Thu Jun 03 20:56:10 +0000 2021,"RT @Crypto_novae: üî• Prepare for Beta! üî•

Become one of ùüØùü¨ùü¨ exclusive Beta testers!

$YAE #cryptocurrency #BSC #ETH 

https://t.co/SI1QRtew2A","['cryptocurrency', 'BSC', 'ETH']",http://pbs.twimg.com/profile_images/1170578104856633344/yvn9xDDX_normal.jpg,0,"Yogyakarta, Indonesia",0,False,112,Tue Jun 18 11:00:00 +0000 2019,,"<a href=""http://twitter.com/download/android"" rel=""nofollow"">Twitter for Android</a>"
1400556947678535680,sF3uyY4ljSX3bcD,1400556421385646086,Thu Jun 03 20:56:12 +0000 2021,GQWQEWQ,[],http://abs.twimg.com/sticky/default_profile_images/default_profile_normal.png,0,,0,False,0,Thu Jun 03 20:54:13 +0000 2021,,"<a href=""https://mobile.twitter.com"" rel=""nofollow"">Twitter Web App</a>"
1400556948769050627,Mayank1jly,1392128239989006336,Thu Jun 03 20:56:12 +0000 2021,"RT @AirdropStario: üíß GaurToken Finance Airdropüíß

üèÜ Task:          ‚ûï  Up to 200M GAURT (~$10)

üë®‚Äçüë©‚Äçüëß Referral:  ‚ûï  50M GAURT (~$2.5)

üîõ Aird‚Ä¶",[],http://pbs.twimg.com/profile_images/1392128662149890062/_p-JP-py_normal.jpg,0,,0,False,2,Tue May 11 14:43:49 +0000 2021,,"<a href=""http://twitter.com/download/android"" rel=""nofollow"">Twitter for Android</a>"
1400556951885463552,NewCryptocurre1,1373123505416507395,Thu Jun 03 20:56:13 +0000 2021,Cryptocurrency Tax Update: Impact of New IRS Guidance and Proposed U.S. Tax Rate Increase | Jones¬†Day https://t.co/wV6tNLLFpV,[],http://pbs.twimg.com/profile_images/1373126261032300550/kT2LnxvT_normal.jpg,0,USA,0,False,34,Sat Mar 20 04:05:40 +0000 2021,,"<a href=""http://publicize.wp.com/"" rel=""nofollow"">WordPress.com</a>"
1400556951231156226,CryptoCapflow,747814153,Thu Jun 03 20:56:12 +0000 2021,"By 2021-06-03 13:00 GMT, XTZ total trading volume of 19,873,386XTZ and net cap flow of $9M in last 24 hrs. Free Ale‚Ä¶ https://t.co/bWpQPuzEDk",[],http://pbs.twimg.com/profile_images/1374396478299381761/iBnA0PWy_normal.jpg,0,United States,0,False,402,Thu Aug 09 19:39:59 +0000 2012,,"<a href=""https://cryptoalgowheel.com"" rel=""nofollow"">cryptoalgowheel</a>"
1400556953705852931,CyprienEcom,1393615920401207299,Thu Jun 03 20:56:13 +0000 2021,"RT @VeraswapDEX: Are you still staking within the #Veraswap pools?

How's has it been stacking up those $Vrap tokens?

https://t.co/eJlhc68‚Ä¶",['Veraswap'],http://pbs.twimg.com/profile_images/1393621412733243393/Sg7U2C4r_normal.jpg,0,,0,False,0,Sat May 15 17:15:24 +0000 2021,,"<a href=""http://twitter.com/download/android"" rel=""nofollow"">Twitter for Android</a>"
1400556955295371266,graphic_d,1315371083843862528,Thu Jun 03 20:56:13 +0000 2021,"Check out my Gig on Fiverr: I will design crypto, cryptocurrency animal logo for coin in 2hours https://t.co/7liCPv4sJz",[],http://pbs.twimg.com/profile_images/1315371490703896576/VjtpE88Z_normal.jpg,0,DHAKA-BANGLADESH,0,False,708,Sun Oct 11 19:18:57 +0000 2020,,"<a href=""https://mobile.twitter.com"" rel=""nofollow"">Twitter Web App</a>"
1400556956985741312,Wesam58191073,1317388543568846848,Thu Jun 03 20:56:14 +0000 2021,"RT @Sakthip01230873: $CERBERUS is best cryptocurrency
You can buy @gocerberusfi hereüëáüëá
https://t.co/pvqJuRghtO
#Cerberus #DeFi #YieldFarmin‚Ä¶","['Cerberus', 'DeFi']",http://abs.twimg.com/sticky/default_profile_images/default_profile_normal.png,0,,0,False,0,Sat Oct 17 08:55:01 +0000 2020,,"<a href=""https://mobile.twitter.com"" rel=""nofollow"">Twitter Web App</a>"
1400556957207994376,hafiya_irsalina,267665644,Thu Jun 03 20:56:14 +0000 2021,"Best project 

#DeFi #blockchain #cryptocurrency #CHNGgo","['DeFi', 'blockchain', 'cryptocurrency', 'CHNGgo']",http://pbs.twimg.com/profile_images/480295470158184448/2H0gHMoa_normal.jpeg,0,,0,False,201,Thu Mar 17 09:56:03 +0000 2011,,"<a href=""http://twitter.com/download/android"" rel=""nofollow"">Twitter for Android</a>"
1400556961737891844,HMS_Rodney_RN,1259000881598652416,Thu Jun 03 20:56:15 +0000 2021,"RT @DonYakka: Monero is the Peoples CryptoCurrency 
For the People, by the People. 
The biggest sleeping giant that is going to melt all of‚Ä¶",[],http://pbs.twimg.com/profile_images/1398682286141345795/paeWOiZ4_normal.jpg,0,United Kingdom,0,False,30,Sat May 09 06:03:08 +0000 2020,,"<a href=""http://twitter.com/download/iphone"" rel=""nofollow"">Twitter for iPhone</a>"
1400556964736868355,onlysexyteslas,821445341459443714,Thu Jun 03 20:56:16 +0000 2021,"@stoolpresidente Nice shorts! üìàüöÄüí∞

https://t.co/SjikxDfcvM",[],http://pbs.twimg.com/profile_images/1370936419624030209/N17hepcH_normal.jpg,0,,0,False,7,Tue Jan 17 19:53:25 +0000 2017,,"<a href=""http://twitter.com/download/android"" rel=""nofollow"">Twitter for Android</a>"
1400556972559069189,riegowinner,1397826933979717634,Thu Jun 03 20:56:18 +0000 2021,"RT @cryptopolica: $500 ‚Ä¢ 7 days

‚ô§ Follow me &amp; @Cava_Official
‚ô§ Join TG: https://t.co/hf3kphz2Hx
‚ô§ Retweet &amp; reply proof please

__

üì¢ Cava‚Ä¶",[],http://pbs.twimg.com/profile_images/1400068867083235331/n9eJF-_r_normal.jpg,0,Indonesia,0,False,47,Thu May 27 08:08:20 +0000 2021,,"<a href=""http://twitter.com/download/android"" rel=""nofollow"">Twitter for Android</a>"
1400556976543834113,CryptoCapflow,747814153,Thu Jun 03 20:56:18 +0000 2021,"By 2021-06-03 13:00 GMT, DGB total trading volume of 1,076,698,489DGB with a price change of 2.1% in last 24 hrs. F‚Ä¶ https://t.co/JBgNj00n8A",[],http://pbs.twimg.com/profile_images/1374396478299381761/iBnA0PWy_normal.jpg,0,United States,0,False,402,Thu Aug 09 19:39:59 +0000 2012,,"<a href=""https://cryptoalgowheel.com"" rel=""nofollow"">cryptoalgowheel</a>"
1400556979479711748,graphic_d,1315371083843862528,Thu Jun 03 20:56:19 +0000 2021,Check out my Gig on Fiverr: I will design crypto and cryptocurrency logo for coin in 2 hours https://t.co/GEHR958aep,[],http://pbs.twimg.com/profile_images/1315371490703896576/VjtpE88Z_normal.jpg,0,DHAKA-BANGLADESH,0,False,708,Sun Oct 11 19:18:57 +0000 2020,,"<a href=""https://mobile.twitter.com"" rel=""nofollow"">Twitter Web App</a>"
1400556981488918528,Andre53341073,914006763946561536,Thu Jun 03 20:56:20 +0000 2021,"RT @LOCgameio: üöÄüöÄ Don't forget, our Kucoin trading and buying competitions are live!

SHARE $40,000 USD WORTH OF LOCG

The campaigns run fr‚Ä¶",[],http://pbs.twimg.com/profile_images/1362350889877573636/QQAv088C_normal.jpg,0,,0,False,160,Sat Sep 30 05:59:28 +0000 2017,,"<a href=""https://mobile.twitter.com"" rel=""nofollow"">Twitter Web App</a>"
1400556984852652041,Mulanshine1,1358624276350337028,Thu Jun 03 20:56:20 +0000 2021,"RT @RaffleInvest: üëã RAFFLE Investments invites you all to join its community at https://t.co/lhCUX4DUE6

#cryptocurrency #Crypto #RAFF #Air‚Ä¶","['cryptocurrency', 'Crypto', 'RAFF']",http://pbs.twimg.com/profile_images/1358624727292551170/PYVJSKN__normal.jpg,0,,0,False,54,Mon Feb 08 03:50:57 +0000 2021,,"<a href=""http://twitter.com/download/iphone"" rel=""nofollow"">Twitter for iPhone</a>"
1400556985381179393,3uhenrique,1260405613349212163,Thu Jun 03 20:56:21 +0000 2021,RT @Canopus_network: Join Canopus Airdrop and earn $200 worth of OPUS token. https://t.co/lfHPXMArCl #OPUS #Canopus #AVAX #Avalanche #crypt‚Ä¶,"['OPUS', 'Canopus', 'AVAX', 'Avalanche']",http://abs.twimg.com/sticky/default_profile_images/default_profile_normal.png,0,,0,False,1,Wed May 13 03:05:01 +0000 2020,,"<a href=""http://twitter.com/download/android"" rel=""nofollow"">Twitter for Android</a>"
1400556991999885315,siji__b,146942855,Thu Jun 03 20:56:22 +0000 2021,RT @ronaldnzimora: Your terrorist Minister and his imps are selling your NIN data in exchange for cryptocurrency.,[],http://pbs.twimg.com/profile_images/1353806864383963141/vYkW7Rya_normal.jpg,0,"LagosüëÄ. üá®üá¶, IJN!!!",0,False,472,Sat May 22 19:25:17 +0000 2010,,"<a href=""http://twitter.com/download/iphone"" rel=""nofollow"">Twitter for iPhone</a>"
1400556998144499717,C_LOKING1_,1382505893246464005,Thu Jun 03 20:56:24 +0000 2021,Use my link ! so I can receive free #Dogecoin üòÇ,['Dogecoin'],http://pbs.twimg.com/profile_images/1389733591408590848/2jnGgbt9_normal.jpg,0,NYC/BKüóΩ,0,False,3,Thu Apr 15 01:28:01 +0000 2021,,"<a href=""http://twitter.com/download/iphone"" rel=""nofollow"">Twitter for iPhone</a>"
1400556999016816641,graphic_d,1315371083843862528,Thu Jun 03 20:56:24 +0000 2021,Check out my Gig on Fiverr: I will design crypto and cryptocurrency logo for coin in 2 hours https://t.co/69F0VsNuT9,[],http://pbs.twimg.com/profile_images/1315371490703896576/VjtpE88Z_normal.jpg,0,DHAKA-BANGLADESH,0,False,708,Sun Oct 11 19:18:57 +0000 2020,,"<a href=""https://mobile.twitter.com"" rel=""nofollow"">Twitter Web App</a>"
1400557001319489537,ViviAndiyani,1396758796815376384,Thu Jun 03 20:56:24 +0000 2021,"RT @coin_maze: What is #MazeCoin? 
The only coin for a cryptocurrency only nightclub. A nightclub where fiat currency isn't eligible - the‚Ä¶",['MazeCoin'],http://pbs.twimg.com/profile_images/1396759347359752195/V1czSVoa_normal.jpg,0,,0,False,11,Mon May 24 09:23:56 +0000 2021,,"<a href=""https://mobile.twitter.com"" rel=""nofollow"">Twitter Web App</a>"
1400557004834365440,videogamingbot,1333467666980409353,Thu Jun 03 20:56:25 +0000 2021,"RT @CryptoBear21: #BullishBear is big in to üé∞#gaming this week!  Are you?  üêÇüêªüçÄ

@WSGToken just did it's #HODLers a solid by introducing a $‚Ä¶","['BullishBear', 'gaming', 'HODLers']",http://pbs.twimg.com/profile_images/1333497920419717120/Z9LCVq3x_normal.jpg,0,MF world,0,False,1817,Mon Nov 30 17:47:27 +0000 2020,,"<a href=""https://help.twitter.com/en/using-twitter/how-to-tweet#source-labels"" rel=""nofollow"">GamingBot2020</a>"
1400557008764301316,Kajal8899,1316656792101822464,Thu Jun 03 20:56:26 +0000 2021,"RT @AirdropStario: üíß GaurToken Finance Airdropüíß

üèÜ Task:          ‚ûï  Up to 200M GAURT (~$10)

üë®‚Äçüë©‚Äçüëß Referral:  ‚ûï  50M GAURT (~$2.5)

üîõ Aird‚Ä¶",[],http://pbs.twimg.com/profile_images/1365161219942801409/lt8o9XQt_normal.jpg,0,,0,False,574,Thu Oct 15 08:27:23 +0000 2020,,"<a href=""http://twitter.com/download/android"" rel=""nofollow"">Twitter for Android</a>"
1400557009448099840,Nftwholesaler,1392194405117931529,Thu Jun 03 20:56:26 +0000 2021,"RT @SmartCryptoWho: üò±OMGüò±
üìà#AMC is priced at $ 81.53 and this was a #newath
üí™When we shared the analysis the price was $20
üì¢IF YOU DON'T WA‚Ä¶","['AMC', 'newath']",http://pbs.twimg.com/profile_images/1392194647636721668/3elYfdXg_normal.jpg,0,,0,False,150,Tue May 11 19:06:36 +0000 2021,,"<a href=""http://twitter.com/download/android"" rel=""nofollow"">Twitter for Android</a>"
1400557009527840775,Benvickoh,1031826977429364736,Thu Jun 03 20:56:26 +0000 2021,"RT @naval: A Central Bank Digital Currency (CBDC) is the opposite of a cryptocurrency. 

It is the complete centralization of money, with n‚Ä¶",[],http://pbs.twimg.com/profile_images/1325845853857329158/10VIy6r3_normal.jpg,0,Nigeria,0,False,724,Tue Aug 21 08:54:56 +0000 2018,,"<a href=""http://twitter.com/download/android"" rel=""nofollow"">Twitter for Android</a>"
1400557010240917504,LucasHodlSFM,1158406247932211201,Thu Jun 03 20:56:26 +0000 2021,"RT @ShaunWitriol: #Safemoonarmy what we have is a #crypto token for now

Why is this important?

It will be more!

1)Store of value
2)Facil‚Ä¶","['Safemoonarmy', 'crypto']",http://pbs.twimg.com/profile_images/1396194155643162631/wGxZGVFs_normal.jpg,0,To the Moon!,0,False,69,Mon Aug 05 15:55:46 +0000 2019,,"<a href=""http://twitter.com/download/android"" rel=""nofollow"">Twitter for Android</a>"
1400557010224136196,Sammiescotx1,1100367182544977921,Thu Jun 03 20:56:26 +0000 2021,"@Mbahdeyforyou üòÇüòÇ mbah no go kill us for this app

Learn how to create a local PayPal that withdraws to nigeria ban‚Ä¶ https://t.co/P3G0Qk1uZV",[],http://pbs.twimg.com/profile_images/1382398478354149382/mvI8NU13_normal.jpg,0,"Lagos, Nigeria",0,False,2502,Tue Feb 26 12:09:14 +0000 2019,,"<a href=""http://twitter.com/download/android"" rel=""nofollow"">Twitter for Android</a>"
1400557010442199040,cybersec_feeds,1131854274223366144,Thu Jun 03 20:56:27 +0000 2021,"RT @welcometobora: Even if you have chosen a strong, unique password, it‚Äôs possible that you‚Äôve overlooked another way in which online crim‚Ä¶",[],http://pbs.twimg.com/profile_images/1131855016766124032/vhasETOF_normal.jpg,0,Internet,0,False,16324,Fri May 24 09:27:42 +0000 2019,,"<a href=""https://abdirahiimyassin.weebly.com"" rel=""nofollow"">Cyber Security Feed</a>"
1400557016850984961,KhabaidiM,1084123283560321026,Thu Jun 03 20:56:28 +0000 2021,"RT @AirdropStario: üíß GaurToken Finance Airdropüíß

üèÜ Task:          ‚ûï  Up to 200M GAURT (~$10)

üë®‚Äçüë©‚Äçüëß Referral:  ‚ûï  50M GAURT (~$2.5)

üîõ Aird‚Ä¶",[],http://abs.twimg.com/sticky/default_profile_images/default_profile_normal.png,0,,0,False,2,Sat Jan 12 16:21:47 +0000 2019,,"<a href=""http://twitter.com/download/iphone"" rel=""nofollow"">Twitter for iPhone</a>"
1400557019279413250,MichaelMarten1,464194191,Thu Jun 03 20:56:29 +0000 2021,"RT @davidgokhshtein: How can you dislike DOGE? It is allowing people to learn and use #cryptocurrency. 

There's no one else doing that.",['cryptocurrency'],http://pbs.twimg.com/profile_images/1221971586829340673/a0Ei_lOf_normal.jpg,0,"olympia, wa",0,False,26,Sat Jan 14 23:36:32 +0000 2012,,"<a href=""http://twitter.com/download/android"" rel=""nofollow"">Twitter for Android</a>"
1400557019963133952,graphic_d,1315371083843862528,Thu Jun 03 20:56:29 +0000 2021,"Check out my Gig on Fiverr: I will design crypto, cryptocurrency token logo for your coin https://t.co/W3LqIMEHFp",[],http://pbs.twimg.com/profile_images/1315371490703896576/VjtpE88Z_normal.jpg,0,DHAKA-BANGLADESH,0,False,708,Sun Oct 11 19:18:57 +0000 2020,,"<a href=""https://mobile.twitter.com"" rel=""nofollow"">Twitter Web App</a>"
1400557028066594816,ONTHEBLOK_io,1361989862090489864,Thu Jun 03 20:56:31 +0000 2021,üëÄ this is nice - @tyler @cameron @brian_armstrong @cz_binance @tronblack @brucefenton @AaronDayAtlas,[],http://pbs.twimg.com/profile_images/1400078941499633670/RHx97HyM_normal.jpg,0,Raven VR,0,False,1103,Wed Feb 17 10:44:32 +0000 2021,,"<a href=""http://twitter.com/download/iphone"" rel=""nofollow"">Twitter for iPhone</a>"
1400557031539499014,coinairdropall,1103764007150895104,Thu Jun 03 20:56:32 +0000 2021,"RT @coinairdropall: #Bitcoin #Satoshi #ico #token #cryptocurrency #blockchain #Airdrop
ArecaSwap Airdrop Is Now Live üì¢

üéâ Claim Your 6.000.‚Ä¶","['Bitcoin', 'Satoshi', 'ico', 'token', 'cryptocurrency', 'blockchain', 'Airdrop']",http://pbs.twimg.com/profile_images/1103765188451409921/dl4qSWZA_normal.png,0,United States,0,False,97,Thu Mar 07 21:07:01 +0000 2019,,"<a href=""https://mobile.twitter.com"" rel=""nofollow"">Twitter Web App</a>"
1400557037071839240,grupoasesorar,1324766416550113281,Thu Jun 03 20:56:33 +0000 2021,"Comparative chart #Cryptos evening, follow us on https://t.co/as9coiKNc5. #XRP #dogecoin #NANOUSDT #ShibaSwap #BTC‚Ä¶ https://t.co/YeyfTaEhG5","['Cryptos', 'XRP', 'dogecoin', 'NANOUSDT', 'ShibaSwap', 'BTC']",http://pbs.twimg.com/profile_images/1326870756345729026/2x4Y-Mgb_normal.jpg,0,Argentina,0,False,922,Fri Nov 06 17:31:53 +0000 2020,,"<a href=""https://mobile.twitter.com"" rel=""nofollow"">Twitter Web App</a>"
1400557038917230593,graphic_d,1315371083843862528,Thu Jun 03 20:56:33 +0000 2021,"Check out my Gig on Fiverr: I will design crypto, cryptocurrency token logo for your coin https://t.co/yD6LTzp5GK",[],http://pbs.twimg.com/profile_images/1315371490703896576/VjtpE88Z_normal.jpg,0,DHAKA-BANGLADESH,0,False,708,Sun Oct 11 19:18:57 +0000 2020,,"<a href=""https://mobile.twitter.com"" rel=""nofollow"">Twitter Web App</a>"
1400557039324119053,BijonCharles,2506784172,Thu Jun 03 20:56:33 +0000 2021,"RT @Mohamed_Gasmii: I think @daftcoin can help as well... what's an NFT?

Check out https://t.co/5MYA2u484d, the very 1st #NFT Marketplace‚Ä¶",['NFT'],http://pbs.twimg.com/profile_images/717071293682683904/75xWbxFb_normal.jpg,0,"Paris, France",0,False,85,Mon May 19 08:17:09 +0000 2014,,"<a href=""http://twitter.com/download/android"" rel=""nofollow"">Twitter for Android</a>"
1400557040779595780,SLIMOMEMO,793813960793423873,Thu Jun 03 20:56:34 +0000 2021,"RT @Human_To_Mars: Join us in our journey of taking HUMANS to the MARS üöÄ

üåü Token: $HUMAN
üåü Twitter: @Human_To_Mars
üåü Telegram: https://t.c‚Ä¶",[],http://pbs.twimg.com/profile_images/1374110626633678859/PNIZsuW4_normal.jpg,0,Algeria,0,False,42,Wed Nov 02 13:56:11 +0000 2016,,"<a href=""http://twitter.com/download/android"" rel=""nofollow"">Twitter for Android</a>"
1400557041559670786,Jocobmichel,500736602,Thu Jun 03 20:56:34 +0000 2021,"RT @Benzinga: Why Dogecoin Can Hit 75 Cents Again, According To @MattWallace888 

https://t.co/y8k2XRJQvc",[],http://pbs.twimg.com/profile_images/1395067665992065024/ryGA3N-t_normal.jpg,0,Ist ,0,False,19,Thu Feb 23 12:21:58 +0000 2012,,"<a href=""https://mobile.twitter.com"" rel=""nofollow"">Twitter Web App</a>"
1400557044558536707,CryptoGentlemn,966519908853981184,Thu Jun 03 20:56:35 +0000 2021,Way to go @MattWallace888 !,[],http://pbs.twimg.com/profile_images/1391574701915336705/HTdnKQJX_normal.jpg,0,Anywhere. Anytime. ,0,False,135,Thu Feb 22 03:47:58 +0000 2018,,"<a href=""http://twitter.com/download/android"" rel=""nofollow"">Twitter for Android</a>"
1400557046743932936,Mitchellpkt0,1047928729278672897,Thu Jun 03 20:56:35 +0000 2021,"Haha this is how all cryptocurrency maximalism sounds to me. 

üó£Ô∏è ""Obviously C++ is the ONLY language that will mat‚Ä¶ https://t.co/Ud5EnKzkCC",[],http://pbs.twimg.com/profile_images/1362903053809029122/wd1PEFhn_normal.jpg,0,Freenode IRC,0,False,661,Thu Oct 04 19:17:33 +0000 2018,,"<a href=""https://mobile.twitter.com"" rel=""nofollow"">Twitter Web App</a>"
1400557048484401153,JennieN68661746,1373068792272580609,Thu Jun 03 20:56:36 +0000 2021,"RT @Benzinga: Why Dogecoin Can Hit 75 Cents Again, According To @MattWallace888 

https://t.co/y8k2XRJQvc",[],http://pbs.twimg.com/profile_images/1387645659776389123/Ufo0syvS_normal.jpg,0,,0,False,59,Sat Mar 20 00:28:15 +0000 2021,,"<a href=""http://twitter.com/download/iphone"" rel=""nofollow"">Twitter for iPhone</a>"
1400557051219169280,NKSharma1609,1367830843599687685,Thu Jun 03 20:56:36 +0000 2021,"RT @GKarajz: $SHIB is number #1 trending in Asia 
#ShibaCoin #SHIBARMY #shibainu","['ShibaCoin', 'SHIBARMY', 'shibainu']",http://pbs.twimg.com/profile_images/1368826274634899458/9fzetiGR_normal.jpg,0,"Rajasthan, India",0,False,29,Fri Mar 05 13:34:34 +0000 2021,,"<a href=""http://twitter.com/download/android"" rel=""nofollow"">Twitter for Android</a>"
1400557052460781570,rachellerfav,1576242038,Thu Jun 03 20:56:37 +0000 2021,Check your logical ‚Äústatements‚Äù regarding cryptocurrency motivation ‚Äútheory‚Äù... I already shared ‚Äúpostulates‚Äù many‚Ä¶ https://t.co/pBfUqsO0I3,[],http://pbs.twimg.com/profile_images/1319874403501559808/0J9le7A8_normal.jpg,0,"Florida, USA",0,False,496,Sun Jul 07 23:09:12 +0000 2013,,"<a href=""http://twitter.com/download/iphone"" rel=""nofollow"">Twitter for iPhone</a>"
1400557057628012545,YDvniel,1240760126769729537,Thu Jun 03 20:56:38 +0000 2021,RT @curecancertoken: Cure Cancer Token isn‚Äôt just your average token it‚Äôs more than that it‚Äôs a family launching July 1st 2021 if all goes‚Ä¶,[],http://pbs.twimg.com/profile_images/1242075586131984384/JwS3Ayhk_normal.jpg,0,,0,False,4,Thu Mar 19 22:00:54 +0000 2020,,"<a href=""http://twitter.com/download/iphone"" rel=""nofollow"">Twitter for iPhone</a>"
1400557058202603523,graphic_d,1315371083843862528,Thu Jun 03 20:56:38 +0000 2021,"Check out my Gig on Fiverr: I will design crypto, cryptocurrency token logo for your coin https://t.co/OegFsfGJ0P",[],http://pbs.twimg.com/profile_images/1315371490703896576/VjtpE88Z_normal.jpg,0,DHAKA-BANGLADESH,0,False,708,Sun Oct 11 19:18:57 +0000 2020,,"<a href=""https://mobile.twitter.com"" rel=""nofollow"">Twitter Web App</a>"
1400557059138113540,meliiod,1271876937531756547,Thu Jun 03 20:56:38 +0000 2021,"RT @StarCashBSC: We are giving away $500 worth of StarCA$H üéâ

1. Follow us here on Twitter.
2. Like &amp; Retweet this post.
3. Tag 3 friends o‚Ä¶",[],http://pbs.twimg.com/profile_images/1271878845516460034/1PKTn_vq_normal.jpg,0,,0,False,5,Sat Jun 13 18:47:51 +0000 2020,,"<a href=""http://twitter.com/download/iphone"" rel=""nofollow"">Twitter for iPhone</a>"
1400557064762445826,Mulanshine1,1358624276350337028,Thu Jun 03 20:56:39 +0000 2021,"I would like to get this airdrop opportunity, thank you!
@hubo138
@544148269Com
@hubo188
@Amin29875001‚Ä¶ https://t.co/JJqYMLA5Am",[],http://pbs.twimg.com/profile_images/1358624727292551170/PYVJSKN__normal.jpg,0,,0,False,54,Mon Feb 08 03:50:57 +0000 2021,,"<a href=""http://twitter.com/download/iphone"" rel=""nofollow"">Twitter for iPhone</a>"
1400557071301431301,siapatau22,1049052214163955712,Thu Jun 03 20:56:41 +0000 2021,"RT @LOCgameio: üöÄüöÄ Don't forget, our Kucoin trading and buying competitions are live!

SHARE $40,000 USD WORTH OF LOCG

The campaigns run fr‚Ä¶",[],http://pbs.twimg.com/profile_images/1400456304003485710/J_r_DJIY_normal.jpg,0,,0,False,443,Sun Oct 07 21:41:53 +0000 2018,,"<a href=""https://mobile.twitter.com"" rel=""nofollow"">Twitter Web App</a>"
1400557072379355137,methodyoga,114586407,Thu Jun 03 20:56:41 +0000 2021,"RT @CrYptO_yerl: And guysssss $tel broke out, we chose üìà direction. 
1st target .04 üî•üî•üî•üî•

#TelFam #Telcoin #tel #cryptocurrencies #cryptocu‚Ä¶","['TelFam', 'Telcoin', 'tel', 'cryptocurrencies']",http://pbs.twimg.com/profile_images/485813609428049920/Cspde_Fl_normal.jpeg,0,"San Francisco, CA",0,False,1184,Mon Feb 15 23:33:51 +0000 2010,,"<a href=""https://mobile.twitter.com"" rel=""nofollow"">Twitter Web App</a>"
1400557074325639189,Scott380633971,1385405273234411521,Thu Jun 03 20:56:42 +0000 2021,RT @ILUS_Coin: Choose a coin that isn‚Äôt just all hype but has a real-world applicability. We are the future of #cryptocurrency. #iluscoin #‚Ä¶,"['cryptocurrency', 'iluscoin']",http://pbs.twimg.com/profile_images/1390485545793564674/_KfHXxx6_normal.jpg,0,"Morrisville, NC",0,False,2,Fri Apr 23 01:29:06 +0000 2021,,"<a href=""http://twitter.com/download/android"" rel=""nofollow"">Twitter for Android</a>"
1400557084773597186,Fhggg70728898,1400453485192126468,Thu Jun 03 20:56:44 +0000 2021,"RT @Sakthip01230873: $CERBERUS is best cryptocurrency
You can buy @gocerberusfi hereüëáüëá
https://t.co/pvqJuRghtO
#Cerberus #DeFi #YieldFarmin‚Ä¶","['Cerberus', 'DeFi']",http://abs.twimg.com/sticky/default_profile_images/default_profile_normal.png,0,,0,False,0,Thu Jun 03 14:05:13 +0000 2021,,"<a href=""http://twitter.com/download/android"" rel=""nofollow"">Twitter for Android</a>"
1400557092478590978,CScatbrat,1387753528907780096,Thu Jun 03 20:56:46 +0000 2021,RT @tatygf1: @PUSSYFinancial @stoolpresidente @stoolpresidente Your best investment is $PUSSY üöÄüöÄüöÄWhy invest in @PUSSYFinancial ?  It is the‚Ä¶,[],http://pbs.twimg.com/profile_images/1398248034476122114/eP8NhULt_normal.jpg,0,,0,False,118,Thu Apr 29 13:00:16 +0000 2021,,"<a href=""https://mobile.twitter.com"" rel=""nofollow"">Twitter Web App</a>"
1400557097218056192,s00yahriego,1394680250450075657,Thu Jun 03 20:56:47 +0000 2021,"RT @StarCashBSC: We are giving away $500 worth of StarCA$H üéâ

1. Follow us here on Twitter.
2. Like &amp; Retweet this post.
3. Tag 3 friends o‚Ä¶",[],http://pbs.twimg.com/profile_images/1399530082738212868/mAGM9qpf_normal.jpg,0,universe,0,False,13,Tue May 18 15:44:27 +0000 2021,,"<a href=""http://twitter.com/download/android"" rel=""nofollow"">Twitter for Android</a>"
1400557099076046848,james33577763,1397572684901359618,Thu Jun 03 20:56:48 +0000 2021,"amazing Project!!
@bond58561312
@VISHALBHAI007 @VISHALY91192045",[],http://pbs.twimg.com/profile_images/1397777038455361536/xTUY9BOf_normal.jpg,0,,0,False,3,Wed May 26 15:18:03 +0000 2021,,"<a href=""http://twitter.com/download/android"" rel=""nofollow"">Twitter for Android</a>"
1400557099122368519,3uhenrique,1260405613349212163,Thu Jun 03 20:56:48 +0000 2021,Good,[],http://abs.twimg.com/sticky/default_profile_images/default_profile_normal.png,0,,0,False,1,Wed May 13 03:05:01 +0000 2020,,"<a href=""http://twitter.com/download/android"" rel=""nofollow"">Twitter for Android</a>"
1400557099462111238,MrMelGlibson,2213110983,Thu Jun 03 20:56:48 +0000 2021,RT @Street_Insider: Dogecoin (DOGE) is now available on Coinbase https://t.co/eUCMN8X2Qb https://t.co/kOxfOTBnWR,[],http://pbs.twimg.com/profile_images/920314640118243330/eibOX8Dc_normal.jpg,0,Atlantis ,0,False,728,Sun Dec 08 01:15:02 +0000 2013,,"<a href=""http://twitter.com/download/iphone"" rel=""nofollow"">Twitter for iPhone</a>"
1400557100632268805,DavidUkpong01,1372688811487019015,Thu Jun 03 20:56:48 +0000 2021,"RT @CoinMarketCap: Part 2 of Trending Tokens on #CoinMarketCap.

Here are the tokens that's been trending in Europe last week üßê 

Are any o‚Ä¶",['CoinMarketCap'],http://pbs.twimg.com/profile_images/1372698793175552014/OMZ1aUcQ_normal.jpg,0,"Lagos, Nigeria",0,False,150,Thu Mar 18 23:19:00 +0000 2021,,"<a href=""http://twitter.com/download/android"" rel=""nofollow"">Twitter for Android</a>"
1400557103303983110,feng15432935,1400555162364616706,Thu Jun 03 20:56:49 +0000 2021,"RT @Crypto_novae: üî• Prepare for Beta! üî•

Become one of ùüØùü¨ùü¨ exclusive Beta testers!

$YAE #cryptocurrency #BSC #ETH 

https://t.co/SI1QRtew2A","['cryptocurrency', 'BSC', 'ETH']",http://abs.twimg.com/sticky/default_profile_images/default_profile_normal.png,0,,0,False,0,Thu Jun 03 20:49:15 +0000 2021,,"<a href=""https://mobile.twitter.com"" rel=""nofollow"">Twitter Web App</a>"
1400557105153708038,Fulltintas2017,1396020463609032705,Thu Jun 03 20:56:49 +0000 2021,"RT @Crypto_novae: üî• Prepare for Beta! üî•

Become one of ùüØùü¨ùü¨ exclusive Beta testers!

$YAE #cryptocurrency #BSC #ETH 

https://t.co/SI1QRtew2A","['cryptocurrency', 'BSC', 'ETH']",http://abs.twimg.com/sticky/default_profile_images/default_profile_normal.png,0,"√ëu√±oa, Chile",0,False,10,Sat May 22 08:30:00 +0000 2021,,"<a href=""http://twitter.com/download/android"" rel=""nofollow"">Twitter for Android</a>"
1400557106680455179,ScottSodero,546322661,Thu Jun 03 20:56:49 +0000 2021,"RT @CrYptO_yerl: And guysssss $tel broke out, we chose üìà direction. 
1st target .04 üî•üî•üî•üî•

#TelFam #Telcoin #tel #cryptocurrencies #cryptocu‚Ä¶","['TelFam', 'Telcoin', 'tel', 'cryptocurrencies']",http://pbs.twimg.com/profile_images/1267336198709796864/LSetOC64_normal.jpg,0,,0,False,360,Thu Apr 05 22:14:44 +0000 2012,,"<a href=""http://twitter.com/download/android"" rel=""nofollow"">Twitter for Android</a>"
1400557113261367297,scalperSignals,990831118072078341,Thu Jun 03 20:56:51 +0000 2021,"#HOT / #USDT touched the target.

#Congratulations to our VIP #scalpers.

Join our FREE VIP telegram channel to mak‚Ä¶ https://t.co/xpdyHVfx0d","['HOT', 'USDT', 'Congratulations', 'scalpers']",http://pbs.twimg.com/profile_images/1266739493899509761/zdurC-7H_normal.jpg,0,,0,False,1059,Mon Apr 30 05:52:02 +0000 2018,,"<a href=""https://script.google.com/macros/d/1xo9_dXk3up3lzWyT9VoYwoRCumSG_yimUafDdGOsmpbsMkIclKUShrKj/usercallback"" rel=""nofollow"">cryptoscalper</a>"
1400557115261865985,rey_fortaleza,206588540,Thu Jun 03 20:56:52 +0000 2021,buying aquagoat crypto with purpose‚ù§Ô∏èüëèüèªüëçü§ù,[],http://pbs.twimg.com/profile_images/873433556843876352/4dDz9_SV_normal.jpg,0,"Vancouver, British Columbia",0,False,32,Sat Oct 23 08:26:29 +0000 2010,,"<a href=""http://twitter.com/download/iphone"" rel=""nofollow"">Twitter for iPhone</a>"
1400557119926046723,EMRAHGUN8,1393147631308840961,Thu Jun 03 20:56:53 +0000 2021,"RT @Crypto_novae: üî• Prepare for Beta! üî•

Become one of ùüØùü¨ùü¨ exclusive Beta testers!

$YAE #cryptocurrency #BSC #ETH 

https://t.co/SI1QRtew2A","['cryptocurrency', 'BSC', 'ETH']",http://pbs.twimg.com/profile_images/1393150651119587329/6D7P7Pf1_normal.jpg,0,,0,False,5,Fri May 14 10:14:31 +0000 2021,,"<a href=""https://mobile.twitter.com"" rel=""nofollow"">Twitter Web App</a>"
